0.000004, 0.000000, 0.000000, 0.000000
0.000004, 0.000000, 0.000000, 0.000000
0.000004, 0.000000, -0.000000, 0.000000
0.000004, 0.000000, -0.000000, 0.000000
0.000004, 0.000000, -0.000000, 0.000000
0.000004, 0.000000, 0.000000, 0.000000
0.000004, 0.000000, -0.000000, 0.000000
0.000004, 0.000000, 0.000000, 0.000000
0.000004, 0.000000, 0.000000, 0.000000
0.000004, 0.000000, -0.000000, 0.000000
0.000004, 0.000000, -0.000000, 0.000000
0.000004, 0.000000, 0.000000, 0.000000
0.000004, 0.000000, -0.000000, 0.000000
0.000004, 0.000000, -0.000000, 0.000000
0.000004, 0.000000, 0.000000, 0.000000
0.000004, 0.000000, 0.000000, 0.000000
0.000004, 0.000000, 0.000000, 0.000000
0.000004, 0.000000, 0.000000, 0.000000
0.000004, 0.000000, 0.000000, 0.000000
0.000004, 0.000000, 0.000000, 0.000000
0.000004, 0.000000, 0.000000, 0.000000
0.000004, 0.000000, -0.000000, 0.000000
0.000004, 0.000000, -0.000000, 0.000000
0.000004, 0.000000, -0.000000, 0.000000
0.000004, 0.000000, 0.000000, 0.000000
0.000004, 0.000000, -0.000000, 0.000000
0.000004, 0.000000, -0.000000, 0.000000
0.000004, 0.000000, -0.000000, 0.000000
0.000004, 0.000000, -0.000000, 0.000000
0.000004, 0.000000, -0.000000, 0.000000
0.000004, 0.000000, -0.000000, 0.000000
0.000004, 0.000000, -0.000000, 0.000000
0.000004, 0.000000, -0.000000, 0.000000
0.000004, 0.000000, -0.000000, 0.000000
0.000004, 0.000000, 0.000000, 0.000000
0.000004, 0.000000, -0.000000, 0.000000
0.000004, 0.000000, -0.000000, 0.000000
0.000007, 0.000000, -0.000000, 0.002850
0.000077, 0.000000, -0.000000, 0.011789
0.000257, 0.000000, -0.000000, 0.021290
0.000618, 0.000000, -0.000000, 0.032526
0.001225, 0.000000, 0.000000, 0.047468
0.002191, -0.000000, 0.000000, 0.070493
0.003642, -0.000000, 0.000000, 0.095768
0.005666, -0.000000, 0.000000, 0.127309
0.008374, -0.000000, 0.000000, 0.163770
0.011865, -0.000000, 0.000000, 0.202003
0.016141, -0.000000, 0.000000, 0.239169
0.021197, -0.000000, 0.000000, 0.276285
0.027029, -0.000000, 0.000000, 0.313621
0.033637, -0.000000, 0.000000, 0.351221
0.041019, -0.000000, 0.000000, 0.389070
0.049175, -0.000000, 0.000000, 0.427145
0.058105, -0.000000, 0.000000, 0.465421
0.067809, -0.000000, 0.000000, 0.503872
0.078290, -0.000000, 0.000000, 0.542692
0.089551, -0.000000, 0.000000, 0.581601
0.101592, -0.000000, 0.000000, 0.620589
0.114414, -0.000000, 0.000000, 0.659666
0.128018, -0.000000, 0.000000, 0.698859
0.142408, -0.000000, 0.000000, 0.738095
0.157581, -0.000000, 0.000000, 0.777335
0.173540, -0.000000, 0.000000, 0.816565
0.190283, -0.000000, 0.000000, 0.855785
0.207810, -0.000000, 0.000000, 0.894995
0.226122, -0.000000, 0.000000, 0.934195
0.245215, -0.000000, 0.000000, 0.972648
0.265009, -0.000000, 0.000000, 1.004823
0.285437, -0.000000, 0.000000, 1.036225
0.306489, -0.000000, 0.000000, 1.067552
0.328169, -0.000000, 0.000000, 1.098935
0.350477, -0.000000, 0.000000, 1.130353
0.373414, -0.000000, 0.000000, 1.161783
0.396979, -0.000000, 0.000000, 1.193217
0.421173, -0.000000, 0.000000, 1.225013
0.446075, -0.000000, 0.000000, 1.263874
0.471780, -0.000000, 0.000000, 1.305066
0.498329, -0.000000, 0.000000, 1.348001
0.525744, -0.000000, 0.000000, 1.392062
0.554073, -0.000000, 0.000000, 1.438556
0.583338, -0.000000, 0.000000, 1.485674
0.613542, -0.000000, 0.000000, 1.532567
0.644684, -0.000000, 0.000000, 1.579383
0.676762, -0.000000, 0.000000, 1.626151
0.709774, -0.000000, 0.000000, 1.672891
0.743722, -0.000000, 0.000000, 1.719615
0.778604, -0.000000, 0.000000, 1.766330
0.814421, -0.000000, 0.000000, 1.813043
0.851172, -0.000000, 0.000000, 1.859761
0.888858, -0.000000, 0.000000, 1.906487
0.927478, -0.000000, 0.000000, 1.953277
0.967048, -0.000000, 0.000000, 2.001182
1.007572, -0.000000, 0.000000, 2.048880
1.049050, -0.000000, 0.000000, 2.096571
1.091482, -0.000000, 0.000000, 2.144262
1.134869, -0.000000, 0.000000, 2.191962
1.179210, -0.000000, 0.000000, 2.240208
1.224539, -0.000000, 0.000000, 2.290085
1.270874, -0.000000, 0.000000, 2.341845
1.318285, -0.000000, 0.000000, 2.396602
1.366791, -0.000000, 0.000000, 2.451306
1.416390, -0.000000, 0.000000, 2.505851
1.467099, -0.000000, 0.000000, 2.562785
1.518959, -0.000000, 0.000000, 2.620349
1.571968, -0.000000, 0.000000, 2.677745
1.626132, -0.000000, 0.000000, 2.736322
1.681480, -0.000000, 0.000000, 2.795666
1.738016, -0.000000, 0.000000, 2.854931
1.795735, -0.000000, 0.000000, 2.914144
1.854639, -0.000000, 0.000000, 2.973332
1.914727, -0.000000, 0.000000, 3.032511
1.975999, -0.000000, 0.000000, 3.091688
2.038454, -0.000000, 0.000000, 3.150869
2.102092, -0.000000, 0.000000, 3.210057
2.166915, -0.000000, 0.000000, 3.269257
2.232922, -0.000000, 0.000000, 3.328468
2.300115, -0.000000, 0.000000, 3.388343
2.368541, -0.000000, 0.000000, 3.451127
2.438231, -0.000000, 0.000000, 3.514795
2.509215, -0.000000, 0.000000, 3.580250
2.581506, 0.000000, 0.000000, 3.645888
2.655148, 0.000000, 0.000000, 3.716431
2.730259, 0.000000, 0.000000, 3.791077
2.806879, 0.000000, 0.000000, 3.868097
2.885074, 0.000000, 0.000000, 3.947812
2.964888, 0.000000, 0.000000, 4.029660
3.046336, 0.000000, 0.000000, 4.111200
3.129417, 0.000000, 0.000000, 4.193413
3.214160, 0.000000, 0.000000, 4.276805
3.300568, 0.000000, 0.000000, 4.360019
3.388645, 0.000000, 0.000000, 4.444204
3.478423, 0.000000, 0.000000, 4.529381
3.569863, 0.000000, 0.000000, 4.607253
3.662629, 0.000000, 0.000000, 4.665544
3.756511, 0.000000, 0.000000, 4.719751
3.851422, 0.000000, 0.000000, 4.767609
3.947252, 0.000000, 0.000000, 4.813241
4.043993, 0.000000, 0.000000, 4.858973
4.141654, 0.000000, 0.000000, 4.905029
4.240237, 0.000000, 0.000000, 4.951212
4.339733, 0.000000, 0.000000, 4.995785
4.440112, 0.000000, 0.000000, 5.039990
4.541375, 0.000000, 0.000000, 5.084173
4.643521, 0.000000, 0.000000, 5.128322
4.746549, 0.000000, 0.000000, 5.172010
4.850414, 0.000000, 0.000000, 5.212106
4.955064, 0.000000, 0.000000, 5.250892
5.060444, 0.000000, 0.000000, 5.284867
5.166457, 0.000000, 0.000000, 5.315390
5.273084, 0.000001, 0.000000, 5.345596
5.380312, 0.000001, 0.000000, 5.375790
5.488144, 0.000001, 0.000000, 5.406051
5.596582, 0.000001, 0.000000, 5.436334
5.705569, 0.000001, 0.000000, 5.456315
5.814762, 0.000001, 0.000000, 5.463485
5.924115, 0.000001, 0.000000, 5.471833
6.033637, 0.000001, 0.000000, 5.479927
6.143318, 0.000001, 0.000000, 5.488472
6.253289, 0.000001, 0.000000, 5.509280
6.363792, 0.000001, 0.000000, 5.541000
6.474946, 0.000001, 0.000000, 5.572806
6.586730, 0.000001, 0.000000, 5.603951
6.699134, 0.000001, 0.000000, 5.634883
6.812156, 0.000001, 0.000001, 5.665792
6.925797, 0.000001, 0.000001, 5.696719
7.040056, 0.000001, 0.000001, 5.727660
7.154934, 0.000001, 0.000001, 5.758609
7.270431, 0.000001, 0.000001, 5.789562
7.386548, 0.000001, 0.000001, 5.820516
7.503282, 0.000001, 0.000001, 5.850864
7.620444, 0.000001, 0.000001, 5.861152
7.737615, 0.000001, 0.000001, 5.855291
7.854669, 0.000001, 0.000001, 5.850527
7.971633, 0.000002, 0.000001, 5.846368
8.088518, 0.000002, 0.000001, 5.842510
8.205332, 0.000002, 0.000001, 5.840636
8.322299, 0.000002, 0.000001, 5.856498
8.439606, 0.000002, 0.000001, 5.873235
8.557241, 0.000002, 0.000001, 5.889284
8.675156, 0.000002, 0.000001, 5.899064
8.793144, 0.000002, 0.000001, 5.898629
8.911105, 0.000002, 0.000001, 5.900340
9.029208, 0.000002, 0.000001, 5.909214
9.147488, 0.000002, 0.000001, 5.918173
9.265944, 0.000002, 0.000001, 5.926881
9.384572, 0.000002, 0.000001, 5.935534
9.503383, 0.000002, 0.000001, 5.945654
9.622407, 0.000002, 0.000001, 5.956257
9.741669, 0.000002, 0.000001, 5.970893
9.861297, 0.000003, 0.000001, 5.991225
9.981336, 0.000003, 0.000001, 6.011713
10.101791, 0.000003, 0.000001, 6.033276
10.222691, 0.000003, 0.000001, 6.055585
10.344036, 0.000003, 0.000001, 6.077795
10.465824, 0.000003, 0.000001, 6.099944
10.588055, 0.000003, 0.000001, 6.122058
10.710728, 0.000003, 0.000001, 6.144153
10.833836, 0.000003, 0.000001, 6.164616
10.957298, 0.000003, 0.000001, 6.180593
11.081078, -0.000002, 0.000009, 6.196671
11.205178, -0.000183, 0.000307, 6.212371
11.329585, -0.001085, 0.001737, 6.227951
11.454302, -0.002604, 0.004149, 6.243635
11.579301, -0.004596, 0.007627, 6.257376
11.704575, -0.006977, 0.012218, 6.271363
11.830132, -0.009184, 0.017254, 6.285725
11.955984, -0.009877, 0.020838, 6.299035
12.082101, -0.008475, 0.022284, 6.312999
12.208486, -0.005845, 0.022620, 6.327540
12.335154, -0.002858, 0.022635, 6.342065
12.462112, 0.000126, 0.022622, 6.356523
12.589360, 0.003041, 0.022658, 6.370807
12.716893, 0.005437, 0.023507, 6.384063
12.844709, 0.006932, 0.025713, 6.397858
12.972812, 0.008007, 0.028706, 6.412133
13.101198, 0.009230, 0.031962, 6.426382
13.229864, 0.010866, 0.035264, 6.440589
13.358808, 0.012967, 0.038563, 6.454799
13.488060, 0.015480, 0.041933, 6.472867
13.617689, 0.017901, 0.046166, 6.491282
13.747707, 0.019923, 0.051691, 6.511827
13.878156, 0.022008, 0.057984, 6.533595
14.009027, 0.024680, 0.064570, 6.555194
14.140309, 0.028195, 0.071237, 6.576675
14.271994, 0.032619, 0.077929, 6.598155
14.404074, 0.037939, 0.084660, 6.619431
14.536543, 0.043979, 0.091710, 6.640247
14.669401, 0.050585, 0.099305, 6.660697
14.802637, 0.057615, 0.107741, 6.680629
14.936254, 0.065157, 0.116993, 6.701138
15.070226, 0.073382, 0.127009, 6.720329
15.204543, 0.082328, 0.137911, 6.740254
15.339194, 0.092295, 0.149393, 6.760721
15.474148, 0.103621, 0.161151, 6.781150
15.609372, 0.116501, 0.173029, 6.801507
15.744840, 0.131011, 0.184968, 6.821869
15.880531, 0.147174, 0.196953, 6.842261
16.016426, 0.164998, 0.208981, 6.862681
16.152504, 0.184494, 0.221052, 6.883118
16.288744, 0.205674, 0.233163, 6.903550
16.425123, 0.228550, 0.245314, 6.924019
16.561622, 0.253132, 0.257503, 6.944504
16.698218, 0.279430, 0.269730, 6.964980
16.834887, 0.307456, 0.281994, 6.985435
16.971607, 0.337222, 0.294296, 7.005863
17.108353, 0.368738, 0.306634, 7.026265
17.245100, 0.402015, 0.319010, 7.046640
17.381825, 0.437064, 0.331424, 7.066989
17.518502, 0.473894, 0.343874, 7.087310
17.655107, 0.512504, 0.356379, 7.107220
17.791645, 0.552739, 0.369199, 7.126282
17.928134, 0.594469, 0.382531, 7.145076
18.064572, 0.637598, 0.396595, 7.163554
18.200940, 0.682211, 0.411366, 7.183295
18.337170, 0.728466, 0.426778, 7.202750
18.473177, 0.776563, 0.442673, 7.222518
18.608861, 0.826721, 0.458856, 7.242852
18.744176, 0.879106, 0.475208, 7.266442
18.879088, 0.933825, 0.491661, 7.291011
19.013550, 0.990925, 0.508183, 7.316788
19.147538, 1.050437, 0.524763, 7.342985
19.281002, 1.112366, 0.541397, 7.369103
19.413897, 1.176718, 0.558076, 7.395826
19.546077, 1.243775, 0.574329, 7.424635
19.677245, 1.314018, 0.589340, 7.453476
19.807195, 1.387651, 0.602629, 7.481419
19.936068, 1.464241, 0.614694, 7.508877
20.064176, 1.543144, 0.626275, 7.534868
20.191931, 1.623556, 0.638498, 7.559776
20.319543, 1.705160, 0.651762, 7.586553
20.446893, 1.788177, 0.665768, 7.613780
20.573809, 1.872797, 0.680433, 7.639002
20.700230, 1.959068, 0.695835, 7.665109
20.826017, 2.047182, 0.711772, 7.691530
20.950992, 2.137346, 0.728037, 7.717799
21.075013, 2.229698, 0.744499, 7.743860
21.197977, 2.324307, 0.761084, 7.769776
21.319806, 2.421204, 0.777757, 7.795589
21.440439, 2.520401, 0.794502, 7.821324
21.559832, 2.621872, 0.811355, 7.846123
21.678035, 2.725453, 0.828594, 7.869372
21.795116, 2.831012, 0.846451, 7.893687
21.911006, 2.938583, 0.864906, 7.917006
22.025651, 3.048159, 0.884073, 7.941009
22.138934, 3.159840, 0.903874, 7.965711
22.250662, 3.273763, 0.924138, 7.989836
22.360615, 3.390053, 0.944709, 8.013254
22.468620, 3.508786, 0.965495, 8.036630
22.574568, 3.629985, 0.986453, 8.060438
22.678386, 3.753640, 1.007561, 8.084589
22.779996, 3.879739, 1.028794, 8.108742
22.879305, 4.008265, 1.050124, 8.132648
22.976220, 4.139197, 1.071527, 8.156201
23.070647, 4.272513, 1.092971, 8.180677
23.162308, 4.408381, 1.114016, 8.207410
23.250909, 4.546872, 1.134363, 8.232566
23.336470, 4.687849, 1.154113, 8.257457
23.419101, 4.831133, 1.173449, 8.281928
23.498912, 4.976565, 1.192536, 8.306339
23.575982, 5.124020, 1.211487, 8.330903
23.650343, 5.273416, 1.230349, 8.356330
23.721913, 5.424738, 1.248991, 8.381995
23.790651, 5.577928, 1.267418, 8.407519
23.856594, 5.732897, 1.285722, 8.433004
23.919783, 5.889558, 1.303972, 8.458422
23.980233, 6.047840, 1.322202, 8.483786
24.037936, 6.207682, 1.340431, 8.509084
24.092869, 6.369032, 1.358674, 8.534351
24.145007, 6.531838, 1.376943, 8.559682
24.194329, 6.696049, 1.395251, 8.585118
24.240810, 6.861616, 1.413607, 8.610584
24.284416, 7.028489, 1.432010, 8.636002
24.325108, 7.196618, 1.450461, 8.661338
24.362847, 7.365953, 1.468957, 8.686575
24.397592, 7.536442, 1.487496, 8.711708
24.429306, 7.708031, 1.506078, 8.736742
24.457969, 7.880653, 1.524741, 8.760185
24.483776, 8.054179, 1.543836, 8.782454
24.506807, 8.228549, 1.563474, 8.804967
24.526988, 8.403709, 1.583689, 8.826094
24.544257, 8.579612, 1.604528, 8.848064
24.558450, 8.756237, 1.625893, 8.870564
24.569388, 8.933546, 1.647690, 8.893176
24.576916, 9.111483, 1.669834, 8.915687
24.580891, 9.289983, 1.692247, 8.937870
24.581181, 9.468966, 1.714860, 8.959603
24.577674, 9.648344, 1.737619, 8.980869
24.570281, 9.828025, 1.760482, 9.001706
24.558844, 10.007938, 1.783251, 9.027459
24.541669, 10.187946, 1.803281, 9.054446
24.517656, 10.367682, 1.819220, 9.078350
24.487749, 10.547016, 1.832267, 9.102054
24.453507, 10.726015, 1.844160, 9.121489
24.416556, 10.904852, 1.856587, 9.139173
24.377911, 11.083679, 1.870419, 9.155733
24.337866, 11.262550, 1.885879, 9.173507
24.296242, 11.441434, 1.902851, 9.192036
24.252634, 11.620237, 1.921110, 9.211778
24.206668, 11.798874, 1.940434, 9.233278
24.158057, 11.977269, 1.960633, 9.255540
24.106632, 12.155316, 1.981628, 9.276246
24.052269, 12.332909, 2.003395, 9.295457
23.994849, 12.509928, 2.025931, 9.313789
23.934190, 12.686247, 2.049134, 9.331675
23.870105, 12.861723, 2.072895, 9.348854
23.802425, 13.036201, 2.097085, 9.365117
23.730986, 13.209523, 2.121586, 9.381404
23.655747, 13.381598, 2.146366, 9.398677
23.576683, 13.552328, 2.171419, 9.415528
23.493699, 13.721547, 2.196695, 9.431010
23.406704, 13.889067, 2.222122, 9.444345
23.315644, 14.054687, 2.247634, 9.455575
23.220481, 14.218230, 2.273168, 9.465731
23.121206, 14.379540, 2.298688, 9.475417
23.017649, 14.538492, 2.323859, 9.498605
22.908456, 14.694240, 2.346394, 9.520777
22.793257, 14.846085, 2.365790, 9.539270
22.672915, 14.994352, 2.383083, 9.555247
22.548760, 15.139786, 2.399958, 9.567020
22.421587, 15.282938, 2.417196, 9.581428
22.291578, 15.423966, 2.434928, 9.599568
22.158837, 15.562977, 2.453275, 9.621039
22.023478, 15.700090, 2.472321, 9.645592
21.885531, 15.835339, 2.492050, 9.672999
21.744817, 15.968559, 2.512144, 9.701973
21.601196, 16.099395, 2.532245, 9.724967
21.454736, 16.227726, 2.552354, 9.747004
21.305474, 16.353456, 2.572467, 9.768018
21.153437, 16.476471, 2.592556, 9.788278
20.998662, 16.596676, 2.612608, 9.808024
20.841195, 16.713986, 2.632625, 9.827365
20.681097, 16.828331, 2.652618, 9.845793
20.518503, 16.939698, 2.672724, 9.861291
20.353643, 17.048245, 2.693270, 9.876795
20.186612, 17.153994, 2.714344, 9.891891
20.017429, 17.256847, 2.735941, 9.907128
19.846076, 17.356658, 2.758003, 9.922721
19.672551, 17.453289, 2.780475, 9.938482
19.496866, 17.546608, 2.803305, 9.954174
19.319044, 17.636480, 2.826436, 9.969497
19.139120, 17.722759, 2.849808, 9.984264
18.957134, 17.805306, 2.873365, 9.998447
18.773144, 17.883990, 2.897062, 10.012083
18.587214, 17.958695, 2.920864, 10.025341
18.399378, 18.029325, 2.944715, 10.043023
18.209574, 18.095630, 2.968345, 10.061392
18.017876, 18.157386, 2.991655, 10.077991
17.824425, 18.214549, 3.014688, 10.093686
17.629360, 18.267145, 3.037480, 10.109141
17.432803, 18.315175, 3.060060, 10.124550
17.234856, 18.358629, 3.082435, 10.141663
17.035565, 18.397377, 3.104412, 10.160094
16.835029, 18.431275, 3.125860, 10.177448
16.633395, 18.460345, -3.136334, 10.193973
16.430805, 18.484679, -3.115721, 10.210281
16.227394, 18.504365, -3.095427, 10.224384
16.023367, 18.519596, -3.075220, 10.235181
15.818838, 18.530658, -3.054860, 10.247643
15.613865, 18.537593, -3.034327, 10.261093
15.408521, 18.540383, -3.013628, 10.274980
15.202881, 18.539005, -2.992775, 10.289087
14.997030, 18.533431, -2.971783, 10.303265
14.791052, 18.523631, -2.950671, 10.317435
14.585037, 18.509575, -2.929457, 10.331591
14.379076, 18.491237, -2.908156, 10.345729
14.173258, 18.468596, -2.886780, 10.359842
13.967677, 18.441636, -2.865335, 10.373907
13.762428, 18.410344, -2.843831, 10.387879
13.557605, 18.374708, -2.822274, 10.401716
13.353308, 18.334717, -2.800675, 10.415398
13.149623, 18.290333, -2.779096, 10.431298
12.946659, 18.241364, -2.757792, 10.446834
12.744562, 18.187767, -2.736788, 10.461140
12.543440, 18.129606, -2.716031, 10.474842
12.343379, 18.066976, -2.695486, 10.488385
12.144465, 17.999942, -2.675128, 10.501945
11.946775, 17.928568, -2.654924, 10.515749
11.750377, 17.852932, -2.634838, 10.529815
11.555343, 17.773155, -2.614757, 10.541898
11.361691, 17.689465, -2.594457, 10.554073
11.169479, 17.601945, -2.573894, 10.565675
10.978792, 17.510604, -2.553072, 10.577611
10.789718, 17.415429, -2.532009, 10.589914
10.602343, 17.316417, -2.510716, 10.602446
10.416761, 17.213574, -2.489204, 10.614586
10.233071, 17.106908, -2.467493, 10.626405
10.051391, 16.996420, -2.445603, 10.637169
9.871833, 16.882130, -2.423549, 10.647236
9.694506, 16.764049, -2.401351, 10.657092
9.519521, 16.642181, -2.379036, 10.666788
9.346988, 16.516541, -2.356623, 10.676303
9.177011, 16.387155, -2.334127, 10.685281
9.009686, 16.254089, -2.311514, 10.692834
8.845095, 16.117451, -2.288720, 10.698822
8.683329, 15.977304, -2.265754, 10.704420
8.524521, 15.833652, -2.242663, 10.709483
8.368805, 15.686521, -2.219481, 10.713695
8.216291, 15.535963, -2.196238, 10.717278
8.067095, 15.382028, -2.172963, 10.720048
7.921323, 15.224784, -2.149662, 10.721948
7.779072, 15.064307, -2.126350, 10.723276
7.640445, 14.900659, -2.103046, 10.724223
7.505539, 14.733910, -2.079764, 10.724840
7.374444, 14.564139, -2.056512, 10.725103
7.247243, 14.391428, -2.033298, 10.725019
7.124020, 14.215864, -2.010128, 10.724587
7.004851, 14.037538, -1.987006, 10.723837
6.889811, 13.856542, -1.963935, 10.722825
6.778965, 13.672973, -1.940916, 10.721594
6.672378, 13.486930, -1.917948, 10.720184
6.570106, 13.298515, -1.895031, 10.718624
6.472204, 13.107829, -1.872161, 10.716938
6.378724, 12.914979, -1.849339, 10.714499
6.289723, 12.720095, -1.826566, 10.710516
6.205227, 12.523308, -1.803825, 10.706245
6.125253, 12.324732, -1.781094, 10.701876
6.049838, 12.124476, -1.758371, 10.697339
5.979026, 11.922645, -1.735660, 10.692619
5.912861, 11.719344, -1.712966, 10.687762
5.851377, 11.514686, -1.690285, 10.682214
5.794565, 11.308803, -1.667566, 10.676210
5.742424, 11.101818, -1.644798, 10.669769
5.694981, 10.893837, -1.621983, 10.663310
5.652262, 10.684966, -1.599127, 10.656960
5.614286, 10.475309, -1.576227, 10.650692
5.581072, 10.264971, -1.553285, 10.644433
5.552641, 10.054061, -1.530304, 10.638143
5.529012, 9.842686, -1.507288, 10.631809
5.510202, 9.630955, -1.484242, 10.625422
5.496225, 9.418979, -1.461168, 10.619000
5.487091, 9.206868, -1.438069, 10.612558
5.482806, 8.994732, -1.414947, 10.606103
5.483372, 8.782683, -1.391803, 10.599581
5.488787, 8.570841, -1.368632, 10.592413
5.499033, 8.359322, -1.345429, 10.585028
5.514111, 8.148243, -1.322207, 10.577485
5.534020, 7.937717, -1.298971, 10.569946
5.558748, 7.727853, -1.275720, 10.562415
5.588279, 7.518764, -1.252456, 10.554857
5.622597, 7.310561, -1.229180, 10.547248
5.661684, 7.103355, -1.205894, 10.539583
5.705521, 6.897260, -1.182602, 10.531867
5.754084, 6.692386, -1.159305, 10.524107
5.807345, 6.488843, -1.136003, 10.516317
5.865273, 6.286741, -1.112698, 10.508512
5.927834, 6.086189, -1.089390, 10.500704
5.994990, 5.887293, -1.066078, 10.492896
6.066701, 5.690160, -1.042762, 10.484997
6.142922, 5.494900, -1.019437, 10.476869
6.223594, 5.301621, -0.996097, 10.467959
6.308657, 5.110431, -0.972739, 10.458836
6.398065, 4.921437, -0.949373, 10.449638
6.491768, 4.734740, -0.926000, 10.440521
6.589709, 4.550437, -0.902617, 10.431461
6.691829, 4.368624, -0.879223, 10.422415
6.798069, 4.189397, -0.855818, 10.413356
6.908370, 4.012855, -0.832403, 10.404283
7.022668, 3.839093, -0.808978, 10.394956
7.140889, 3.668205, -0.785536, 10.385520
7.262962, 3.500281, -0.762083, 10.376022
7.388819, 3.335413, -0.738618, 10.366577
7.518386, 3.173685, -0.715140, 10.357202
7.651587, 3.015181, -0.691648, 10.347878
7.788345, 2.859982, -0.668139, 10.338590
7.928580, 2.708172, -0.644614, 10.329333
8.072209, 2.559834, -0.621069, 10.319474
8.219131, 2.415040, -0.597493, 10.309471
8.369264, 2.273872, -0.573898, 10.299363
8.522524, 2.136407, -0.550286, 10.289336
8.678824, 2.002714, -0.526653, 10.279398
8.838071, 1.872860, -0.502999, 10.269513
9.000176, 1.746913, -0.479322, 10.259655
9.165046, 1.624938, -0.455622, 10.249813
9.332588, 1.507003, -0.431902, 10.239992
9.502707, 1.393170, -0.408161, 10.230096
9.675315, 1.283493, -0.384416, 10.221308
9.850335, 1.178042, -0.360675, 10.212984
10.027673, 1.076868, -0.336914, 10.204820
10.207220, 0.980008, -0.313119, 10.196882
10.388930, 0.887512, -0.289398, 10.195813
10.573283, 0.800234, -0.267234, 10.199556
10.760483, 0.719372, -0.247885, 10.193656
10.950169, 0.644803, -0.230853, 10.189375
11.141940, 0.575976, -0.215603, 10.186554
11.335478, 0.512403, -0.201791, 10.185738
11.530591, 0.453743, -0.189332, 10.189504
11.727346, 0.400524, -0.179682, 10.193250
11.925511, 0.352734, -0.173346, 10.191165
12.124638, 0.309261, -0.169333, 10.191756
12.324473, 0.268895, -0.166750, 10.195735
12.524826, 0.230648, -0.164995, 10.201380
12.725570, 0.193828, -0.163700, 10.207763
12.926626, 0.157993, -0.162668, 10.214450
13.127944, 0.122870, -0.161801, 10.221246
13.329496, 0.088300, -0.161075, 10.227875
13.531278, 0.054369, -0.160791, 10.233400
13.733294, 0.021154, -0.161162, 10.239136
13.935519, -0.011481, -0.162132, 10.244620
14.137984, -0.043238, -0.164399, 10.249253
14.340683, -0.074123, -0.168103, 10.254349
14.543578, -0.104401, -0.173167, 10.259667
14.746605, -0.134554, -0.179248, 10.265487
14.949690, -0.165103, -0.185966, 10.271109
15.152789, -0.196212, -0.193438, 10.275096
15.355905, -0.227664, -0.202219, 10.278568
15.559024, -0.259618, -0.212245, 10.283063
15.762083, -0.292538, -0.223154, 10.287628
15.965002, -0.326791, -0.234782, 10.290810
16.167735, -0.362397, -0.247391, 10.292763
16.370251, -0.399394, -0.261121, 10.293694
16.572492, -0.437827, -0.276143, 10.292129
16.774361, -0.477890, -0.292416, 10.287797
16.975675, -0.519797, -0.309879, 10.274626
17.176272, -0.563618, -0.328629, 10.258831
17.376049, -0.609570, -0.348602, 10.241517
17.574865, -0.658033, -0.369622, 10.223518
17.772612, -0.709290, -0.391567, 10.206529
17.969247, -0.763492, -0.414383, 10.191931
18.164711, -0.820769, -0.438035, 10.177557
18.358870, -0.881336, -0.462396, 10.162041
18.551556, -0.945419, -0.487274, 10.145331
18.742634, -1.013161, -0.512508, 10.129227
18.932038, -1.084560, -0.538038, 10.113143
19.119633, -1.159672, -0.563797, 10.094951
19.305223, -1.238609, -0.589680, 10.074064
19.488605, -1.321467, -0.615605, 10.050342
19.669572, -1.408320, -0.641509, 10.024029
19.847944, -1.499188, -0.667361, 9.996041
20.023581, -1.594035, -0.693179, 9.966837
20.196381, -1.692775, -0.719008, 9.937205
20.366256, -1.795323, -0.744877, 9.907608
20.533133, -1.901586, -0.770802, 9.878065
20.696929, -2.011479, -0.796786, 9.848360
20.857556, -2.124923, -0.822823, 9.818346
21.014918, -2.241843, -0.848911, 9.787961
21.168922, -2.362160, -0.875053, 9.757182
21.319477, -2.485794, -0.901251, 9.726034
21.466488, -2.612662, -0.927503, 9.694468
21.609862, -2.742672, -0.953824, 9.662007
21.749533, -2.875712, -0.980238, 9.629324
21.885421, -3.011686, -1.006744, 9.596307
22.017441, -3.150506, -1.033335, 9.563120
22.145524, -3.292099, -1.059974, 9.532987
22.269576, -3.436556, -1.086460, 9.510833
22.389279, -3.584103, -1.112454, 9.490424
22.504288, -3.734808, -1.137721, 9.468718
22.614419, -3.888549, -1.162162, 9.443643
22.719624, -4.045030, -1.185830, 9.414428
22.820009, -4.203983, -1.208883, 9.388552
22.915643, -4.365310, -1.231412, 9.367423
23.006334, -4.529000, -1.253136, 9.348054
23.090818, -4.695473, -1.271989, 9.320646
23.167503, -4.864987, -1.285980, 9.288911
23.236645, -5.037140, -1.295404, 9.267314
23.299499, -5.211363, -1.301542, 9.257113
23.357529, -5.387136, -1.305510, 9.254962
23.412459, -5.563911, -1.308659, 9.256663
23.466040, -5.741155, -1.312495, 9.259983
23.519263, -5.918565, -1.317754, 9.261371
23.572844, -6.095862, -1.325349, 9.260587
23.626847, -6.273039, -1.335394, 9.262292
23.680774, -6.450296, -1.347435, 9.265514
23.733988, -6.627845, -1.360988, 9.269544
23.785954, -6.805807, -1.375712, 9.268548
23.836415, -6.984129, -1.391613, 9.263944
23.885139, -7.162834, -1.408589, 9.259298
23.931809, -7.341994, -1.426423, 9.254978
23.976157, -7.521679, -1.445000, 9.253186
24.017977, -7.701920, -1.464271, 9.248770
24.057180, -7.882555, -1.484364, 9.235041
24.093780, -8.063419, -1.505436, 9.218929
24.127682, -8.244480, -1.527490, 9.202700
24.158645, -8.425726, -1.550397, 9.185361
24.186352, -8.607143, -1.573993, 9.168358
24.210693, -8.788731, -1.598218, 9.154096
24.231571, -8.970462, -1.623077, 9.139203
24.248789, -9.152255, -1.648510, 9.122386
24.262144, -9.334024, -1.674369, 9.104583
24.271469, -9.515679, -1.700525, 9.086079
24.276645, -9.697123, -1.726897, 9.066884
24.277589, -9.878243, -1.753442, 9.046625
24.274242, -10.058917, -1.780146, 9.025177
24.266539, -10.239018, -1.806975, 9.002894
24.254429, -10.418429, -1.833903, 8.981412
24.237874, -10.597119, -1.860934, 8.965190
24.216744, -10.774963, -1.887981, 8.945619
24.191006, -10.951796, -1.914999, 8.925389
24.160704, -11.127488, -1.941997, 8.904617
24.125889, -11.301917, -1.968980, 8.884092
24.086497, -11.474970, -1.995791, 8.866041
24.042041, -11.646440, -2.021632, 8.848995
23.991851, -11.815906, -2.045630, 8.826379
23.935982, -11.983072, -2.067896, 8.801297
23.874868, -12.147880, -2.088771, 8.778555
23.808599, -12.310260, -2.107855, 8.762175
23.736041, -12.469504, -2.122817, 8.738958
23.657278, -12.625279, -2.133281, 8.720015
23.573469, -12.778069, -2.140362, 8.709036
23.485967, -12.928580, -2.145214, 8.700722
23.396260, -13.077584, -2.149201, 8.692360
23.306053, -13.226075, -2.154407, 8.682359
23.216166, -13.374535, -2.161687, 8.673451
23.126587, -13.522977, -2.170987, 8.664401
23.037205, -13.671312, -2.182396, 8.654790
22.947580, -13.819298, -2.195531, 8.646643
22.857295, -13.966691, -2.210150, 8.638784
22.766028, -14.113326, -2.226116, 8.633806
22.673443, -14.259029, -2.243208, 8.629587
22.579188, -14.403557, -2.261109, 8.625389
22.482963, -14.546676, -2.279541, 8.620786
22.384562, -14.688187, -2.298309, 8.615597
22.283927, -14.827971, -2.317408, 8.608862
22.181109, -14.965985, -2.336953, 8.602053
22.076060, -15.102141, -2.356871, 8.595428
21.968694, -15.236303, -2.377056, 8.588542
21.858948, -15.368342, -2.397422, 8.581327
21.746790, -15.498143, -2.417905, 8.573817
21.632214, -15.625610, -2.438464, 8.566059
21.515235, -15.750659, -2.459071, 8.558104
21.395878, -15.873216, -2.479706, 8.550001
21.274179, -15.993216, -2.500356, 8.541788
21.150181, -16.110599, -2.521014, 8.533526
21.023931, -16.225327, -2.541679, 8.527037
20.895451, -16.337407, -2.562364, 8.523509
20.764731, -16.446800, -2.583050, 8.522291
20.631778, -16.553422, -2.603705, 8.520612
20.496647, -16.657212, -2.624321, 8.518720
20.359404, -16.758126, -2.644899, 8.516736
20.220115, -16.856128, -2.665449, 8.514744
20.078847, -16.951186, -2.685973, 8.513212
19.935535, -17.043117, -2.706157, 8.513537
19.790095, -17.131626, -2.725607, 8.512250
19.642658, -17.216707, -2.744408, 8.510679
19.493422, -17.298537, -2.762777, 8.509604
19.342556, -17.377287, -2.780886, 8.509090
19.190184, -17.453073, -2.798845, 8.509058
19.036404, -17.525967, -2.816718, 8.509398
18.881292, -17.596006, -2.834541, 8.510010
18.724914, -17.663207, -2.852335, 8.510816
18.567330, -17.727575, -2.870112, 8.511760
18.408594, -17.789104, -2.887879, 8.512802
18.248761, -17.847786, -2.905638, 8.513911
18.087882, -17.903609, -2.923394, 8.515065
17.926011, -17.956560, -2.941146, 8.516251
17.763199, -18.006624, -2.958896, 8.517463
17.599499, -18.053789, -2.976644, 8.518692
17.434961, -18.098040, -2.994391, 8.519928
17.269638, -18.139364, -3.012137, 8.521169
17.103582, -18.177748, -3.029881, 8.522411
16.936846, -18.213181, -3.047625, 8.523654
16.769483, -18.245650, -3.065369, 8.524896
16.601545, -18.275146, -3.083112, 8.526136
16.433085, -18.301658, -3.100856, 8.527374
16.264156, -18.325179, -3.118599, 8.528611
16.094812, -18.345699, -3.136344, 8.529846
15.925106, -18.363213, 3.129097, 8.531079
15.755091, -18.377715, 3.111352, 8.532310
15.584821, -18.389197, 3.093605, 8.533540
15.414349, -18.397658, 3.075857, 8.534768
15.243730, -18.403092, 3.058108, 8.535993
15.073016, -18.405498, 3.040357, 8.537216
14.902262, -18.404874, 3.022605, 8.538436
14.731522, -18.401218, 3.004851, 8.539653
14.560849, -18.394532, 2.987096, 8.540868
14.390298, -18.384817, 2.969338, 8.542079
14.219922, -18.372074, 2.951579, 8.543288
14.049775, -18.356306, 2.933818, 8.544493
13.879910, -18.337518, 2.916055, 8.545695
13.710385, -18.315734, 2.898257, 8.545795
13.541255, -18.291284, 2.879928, 8.543274
13.372525, -18.264453, 2.860735, 8.542357
13.204200, -18.235182, 2.840757, 8.542942
13.036349, -18.203243, 2.820156, 8.543444
12.869078, -18.168380, 2.799106, 8.543304
12.702499, -18.130390, 2.777752, 8.542531
12.536722, -18.089132, 2.756202, 8.541122
12.371854, -18.044512, 2.734529, 8.539173
12.208003, -17.996385, 2.712968, 8.539134
12.045413, -17.944160, 2.692382, 8.538142
11.884302, -17.887626, 2.672978, 8.536685
11.724690, -17.827067, 2.654559, 8.535203
11.566527, -17.762888, 2.636782, 8.534168
11.409751, -17.695424, 2.619391, 8.533764
11.254309, -17.624997, 2.602095, 8.531337
11.100090, -17.552055, 2.584380, 8.528780
10.947079, -17.476771, 2.566136, 8.524561
10.795334, -17.399129, 2.547415, 8.521350
10.644951, -17.319012, 2.528347, 8.518331
10.496043, -17.236313, 2.509050, 8.515195
10.348715, -17.150959, 2.489610, 8.511851
10.203061, -17.062912, 2.470088, 8.508425
10.059140, -16.972119, 2.450553, 8.509289
9.917126, -16.878314, 2.431414, 8.510472
9.777169, -16.781443, 2.412812, 8.511116
9.639372, -16.681484, 2.394945, 8.512984
9.504068, -16.578099, 2.378680, 8.515200
9.371495, -16.471187, 2.364448, 8.516253
9.241420, -16.361210, 2.351709, 8.517776
9.113436, -16.248745, 2.339815, 8.520296
8.987093, -16.134385, 2.328021, 8.520459
8.861765, -16.018939, 2.315024, 8.519424
8.737191, -15.902682, 2.300504, 8.520450
8.613479, -15.785453, 2.284681, 8.522709
8.490895, -15.666985, 2.267789, 8.524619
8.369676, -15.547085, 2.249972, 8.524699
8.249884, -15.425802, 2.230999, 8.522400
8.131601, -15.303112, 2.210823, 8.520299
8.015009, -15.178859, 2.189577, 8.518908
7.900370, -15.052836, 2.167478, 8.517668
7.787956, -14.924872, 2.144738, 8.515264
7.678061, -14.794819, 2.121553, 8.511784
7.570908, -14.662591, 2.098044, 8.508269
7.466610, -14.528173, 2.074266, 8.506242
7.365225, -14.391552, 2.050345, 8.508890
7.268270, -14.251671, 2.029095, 8.508989
7.177443, -14.107886, 2.012818, 8.500006
7.092097, -13.960941, 2.000164, 8.494613
7.010272, -13.812122, 1.988319, 8.488780
6.930286, -13.662441, 1.975291, 8.482932
6.851376, -13.512295, 1.960523, 8.479672
6.773554, -13.361623, 1.944131, 8.479071
6.697174, -13.210215, 1.926430, 8.479304
6.622602, -13.057902, 1.907691, 8.479403
6.550068, -12.904626, 1.887983, 8.477987
6.479724, -12.750368, 1.867337, 8.476286
6.411811, -12.595062, 1.845911, 8.474568
6.346611, -12.438634, 1.823890, 8.473024
6.284350, -12.281043, 1.801418, 8.471863
6.225196, -12.122282, 1.778603, 8.470847
6.169299, -11.962369, 1.755540, 8.469576
6.116886, -11.801285, 1.732479, 8.471107
6.068522, -11.638898, 1.710191, 8.472444
6.024593, -11.475257, 1.689072, 8.471155
5.985103, -11.310541, 1.669042, 8.467736
5.949762, -11.144955, 1.649776, 8.464517
5.918233, -10.978656, 1.630993, 8.462256
5.890257, -10.811758, 1.612496, 8.460815
5.865717, -10.644335, 1.594253, 8.461415
5.845026, -10.476354, 1.577048, 8.463614
5.828363, -10.307899, 1.561172, 8.464325
5.815359, -10.139107, 1.546197, 8.465262
5.805468, -9.970092, 1.531554, 8.465089
5.797996, -9.800964, 1.516412, 8.464577
5.792623, -9.631750, 1.500479, 8.465548
5.789370, -9.462454, 1.483830, 8.467299
5.788426, -9.293090, 1.466632, 8.469431
5.790022, -9.123689, 1.449073, 8.471515
5.794341, -8.954295, 1.431293, 8.473473
5.801500, -8.784959, 1.413385, 8.475320
5.811572, -8.615736, 1.395400, 8.477027
5.824604, -8.446683, 1.377372, 8.478586
5.840626, -8.277856, 1.359319, 8.480012
5.859638, -8.109317, 1.341223, 8.480831
5.881532, -7.941117, 1.322918, 8.481336
5.906284, -7.773298, 1.304380, 8.482263
5.933954, -7.605917, 1.285669, 8.483188
5.964612, -7.439040, 1.266841, 8.483995
5.998309, -7.272734, 1.247939, 8.484640
6.035043, -7.107066, 1.228939, 8.484789
6.074779, -6.942087, 1.209793, 8.485072
6.117535, -6.777859, 1.190526, 8.485394
6.163343, -6.614451, 1.171175, 8.485626
6.212230, -6.451933, 1.151767, 8.485763
6.264207, -6.290374, 1.132321, 8.485819
6.319272, -6.129841, 1.112851, 8.485940
6.377408, -5.970390, 1.093357, 8.486159
6.438603, -5.812084, 1.073844, 8.486268
6.502851, -5.654993, 1.054319, 8.486201
6.570142, -5.499183, 1.034791, 8.486021
6.640457, -5.344719, 1.015264, 8.485782
6.713770, -5.191661, 0.995739, 8.485511
6.790055, -5.040069, 0.976217, 8.485224
6.869252, -4.889991, 0.956645, 8.484211
6.951225, -4.741434, 0.936865, 8.483467
7.035931, -4.594429, 0.916867, 8.482980
7.123353, -4.449040, 0.896630, 8.482221
7.213500, -4.305340, 0.876179, 8.481555
7.306404, -4.163426, 0.855576, 8.480694
7.402092, -4.023398, 0.834875, 8.479591
7.500574, -3.885350, 0.814113, 8.478293
7.601837, -3.749363, 0.793313, 8.476927
7.705851, -3.615503, 0.772484, 8.475566
7.812583, -3.483835, 0.751635, 8.474195
7.921994, -3.354420, 0.730769, 8.472796
8.034043, -3.227321, 0.709891, 8.471358
8.148686, -3.102597, 0.689005, 8.469852
8.265879, -2.980308, 0.668118, 8.468215
8.385575, -2.860516, 0.647233, 8.466582
8.507722, -2.743269, 0.626349, 8.465074
8.632263, -2.628612, 0.605461, 8.463639
8.759143, -2.516590, 0.584572, 8.462208
8.888306, -2.407255, 0.563684, 8.460737
9.019699, -2.300657, 0.542801, 8.459206
9.153264, -2.196845, 0.521925, 8.457624
9.288944, -2.095867, 0.501055, 8.456017
9.426679, -1.997764, 0.480191, 8.454408
9.566407, -1.902579, 0.459332, 8.452809
9.708065, -1.810350, 0.438477, 8.451220
9.851592, -1.721116, 0.417627, 8.449856
9.997046, -1.635065, 0.397114, 8.450672
10.144560, -1.552593, 0.377473, 8.449954
10.294005, -1.473718, 0.358606, 8.448921
10.445374, -1.398576, 0.340938, 8.451099
10.599074, -1.328296, 0.326559, 8.449658
10.755034, -1.263299, 0.316168, 8.447916
10.912804, -1.202817, 0.308947, 8.449684
11.071838, -1.145538, 0.303583, 8.454306
11.231715, -1.090315, 0.299130, 8.460331
11.392178, -1.036414, 0.295069, 8.466928
11.553098, -0.983462, 0.291170, 8.473714
11.714434, -0.931342, 0.287440, 8.480689
11.876314, -0.880481, 0.284701, 8.487180
12.038762, -0.831014, 0.283178, 8.493889
12.201641, -0.782501, 0.282388, 8.500914
12.364818, -0.734490, 0.281946, 8.508053
12.528212, -0.686711, 0.281654, 8.515207
12.691786, -0.639041, 0.281428, 8.522353
12.855525, -0.591425, 0.281239, 8.529495
13.019421, -0.543838, 0.281074, 8.536596
13.183467, -0.496262, 0.280930, 8.543681
13.347662, -0.448685, 0.280801, 8.550865
13.512005, -0.401103, 0.280686, 8.558110
13.676498, -0.353513, 0.280583, 8.565384
13.841139, -0.305914, 0.280489, 8.572671
14.005929, -0.258302, 0.280405, 8.579964
14.170866, -0.210675, 0.280328, 8.587263
14.335950, -0.163031, 0.280259, 8.594564
14.501181, -0.115368, 0.280197, 8.601868
14.666557, -0.067684, 0.280140, 8.609172
14.832079, -0.019976, 0.280089, 8.616477
14.997746, 0.027755, 0.280042, 8.623782
15.163558, 0.075513, 0.280000, 8.631087
15.329514, 0.123298, 0.279962, 8.638392
15.495613, 0.171112, 0.279927, 8.645696
15.661856, 0.218955, 0.279896, 8.653000
15.828242, 0.266829, 0.279868, 8.660303
15.994772, 0.314735, 0.279842, 8.667604
16.161443, 0.362673, 0.279818, 8.674905
16.328258, 0.410644, 0.279797, 8.682205
16.495234, 0.458575, 0.279903, 8.689310
16.662509, 0.505935, 0.280997, 8.695023
16.830236, 0.551918, 0.284343, 8.695427
16.998439, 0.595935, 0.290975, 8.691528
17.166992, 0.638298, 0.300861, 8.688597
17.335736, 0.679778, 0.313551, 8.688649
17.504510, 0.721245, 0.328484, 8.690926
17.673140, 0.763511, 0.345111, 8.693745
17.841449, 0.807258, 0.362966, 8.696263
18.009272, 0.852936, 0.381823, 8.696344
18.176487, 0.900750, 0.401679, 8.695698
18.342981, 0.950949, 0.422347, 8.693878
18.508557, 1.003899, 0.443561, 8.690069
18.673040, 1.059916, 0.465148, 8.686898
18.836374, 1.119084, 0.487070, 8.686211
18.998547, 1.181382, 0.509312, 8.687109
19.159493, 1.246842, 0.531803, 8.688194
19.319105, 1.315534, 0.554448, 8.688664
19.477255, 1.387527, 0.577165, 8.688043
19.633806, 1.462874, 0.599899, 8.686214
19.788629, 1.541606, 0.622617, 8.683329
19.941607, 1.623726, 0.645303, 8.679690
20.092638, 1.709214, 0.667955, 8.675517
20.241644, 1.798025, 0.690581, 8.671753
20.388587, 1.890079, 0.713212, 8.668349
20.533396, 1.985327, 0.735860, 8.664645
20.675970, 2.083747, 0.758513, 8.660357
20.816205, 2.185315, 0.781153, 8.655518
20.954007, 2.289995, 0.803768, 8.650342
21.089294, 2.397737, 0.826356, 8.645080
21.222003, 2.508477, 0.848922, 8.639973
21.352082, 2.622144, 0.871479, 8.635125
21.479482, 2.738665, 0.894031, 8.630485
21.604148, 2.857975, 0.916581, 8.626137
21.725903, 2.980181, 0.938755, 8.625782
21.843792, 3.106112, 0.958632, 8.624171
21.956969, 3.236190, 0.975062, 8.619415
22.065879, 3.369768, 0.988926, 8.616716
22.171340, 3.506054, 1.001277, 8.616480
22.274245, 3.644274, 1.013224, 8.615584
22.375555, 3.783641, 1.026104, 8.614416
22.475782, 3.923769, 1.040450, 8.614296
22.574948, 4.064674, 1.056219, 8.616081
22.672791, 4.206549, 1.073178, 8.618125
22.769020, 4.349574, 1.091113, 8.620247
22.863417, 4.493847, 1.109938, 8.620572
22.955884, 4.639360, 1.129743, 8.620428
23.046247, 4.786195, 1.150408, 8.621023
23.134252, 4.934469, 1.171739, 8.621385
23.219621, 5.084273, 1.193549, 8.620905
23.302107, 5.235665, 1.215690, 8.619933
23.381536, 5.388660, 1.238074, 8.618779
23.457832, 5.543207, 1.260723, 8.616979
23.530970, 5.699238, 1.283676, 8.615912
23.600919, 5.856715, 1.306908, 8.615747
23.667569, 6.015607, 1.330371, 8.614857
23.730746, 6.175879, 1.353984, 8.612841
23.790297, 6.337480, 1.377675, 8.610224
23.846107, 6.500366, 1.401400, 8.608323
23.898069, 6.664470, 1.425116, 8.605603
23.946119, 6.829710, 1.448804, 8.603423
23.990215, 6.996006, 1.472461, 8.601637
24.030357, 7.163278, 1.496108, 8.600965
24.066543, 7.331464, 1.519761, 8.603583
24.098728, 7.500565, 1.543360, 8.611518
24.126391, 7.670691, 1.566135, 8.624746
24.148697, 7.841855, 1.587052, 8.636318
24.165610, 8.013858, 1.606118, 8.647063
24.177760, 8.186485, 1.623937, 8.658581
24.185730, 8.359602, 1.640981, 8.671384
24.190015, 8.533103, 1.657625, 8.682393
24.191326, 8.706794, 1.674668, 8.686721
24.190251, 8.880571, 1.692708, 8.691516
24.186889, 9.054437, 1.711837, 8.698514
24.181042, 9.228397, 1.731921, 8.707269
24.172468, 9.402429, 1.752793, 8.716927
24.160945, 9.576488, 1.774293, 8.726813
24.146137, 9.750529, 1.796057, 8.740724
24.127369, 9.924507, 1.817304, 8.757175
24.104392, 10.098287, 1.837856, 8.771569
24.077349, 10.271761, 1.857895, 8.784878
24.046419, 10.444847, 1.877576, 8.797630
24.011750, 10.617483, 1.897006, 8.810351
23.973459, 10.789615, 1.916271, 8.823254
23.931621, 10.961193, 1.935405, 8.837969
23.885467, 11.132009, 1.952993, 8.855311
23.834000, 11.301625, 1.967523, 8.869723
23.777769, 11.470030, 1.979707, 8.884764
23.717660, 11.637424, 1.990370, 8.901017
23.654484, 11.804048, 2.000175, 8.918549
23.588834, 11.970103, 2.009548, 8.936991
23.521260, 12.135761, 2.019029, 8.952270
23.452451, 12.301194, 2.029488, 8.964085
23.382881, 12.466549, 2.041550, 8.974670
23.312643, 12.631853, 2.055423, 8.985790
23.241435, 12.796997, 2.070936, 8.997748
23.168865, 12.961800, 2.087867, 9.008580
23.094618, 13.126066, 2.106058, 9.017760
23.018359, 13.289617, 2.125277, 9.027513
22.939762, 13.452266, 2.145269, 9.036359
22.858507, 13.613787, 2.165800, 9.044074
22.774360, 13.773988, 2.186713, 9.051492
22.687196, 13.932740, 2.207922, 9.059311
22.596957, 14.089950, 2.229379, 9.067462
22.503604, 14.245520, 2.251031, 9.075473
22.407092, 14.399334, 2.272822, 9.082973
22.307388, 14.551270, 2.294701, 9.089807
22.204474, 14.701207, 2.316629, 9.095976
22.098350, 14.849034, 2.338579, 9.101566
21.989032, 14.994647, 2.360536, 9.106624
21.876561, 15.137966, 2.382487, 9.111698
21.760998, 15.278941, 2.404440, 9.117190
21.642382, 15.417499, 2.426412, 9.122346
21.520739, 15.553537, 2.448397, 9.126853
21.396100, 15.686949, 2.470382, 9.130797
21.268506, 15.817643, 2.492354, 9.134294
21.138008, 15.945532, 2.514308, 9.137574
21.004665, 16.070548, 2.536252, 9.140927
20.868548, 16.192642, 2.558201, 9.144495
20.729728, 16.311768, 2.580170, 9.148259
20.588275, 16.427875, 2.602164, 9.152116
20.444255, 16.540906, 2.624181, 9.155934
20.297732, 16.650800, 2.646210, 9.159731
20.148773, 16.757499, 2.668245, 9.163522
19.997446, 16.860947, 2.690284, 9.167293
19.843823, 16.961091, 2.712324, 9.171019
19.687975, 17.057875, 2.734367, 9.174676
19.529953, 17.151267, 2.756418, 9.181965
19.369752, 17.241234, 2.778471, 9.191297
19.207415, 17.327670, 2.800482, 9.199954
19.043026, 17.410515, 2.822447, 9.208521
18.876669, 17.489742, 2.844382, 9.217400
18.708435, 17.565343, 2.866309, 9.226611
18.538409, 17.637303, 2.888245, 9.235995
18.366672, 17.705590, 2.910195, 9.245403
18.193306, 17.770166, 2.932159, 9.254764
18.018390, 17.830991, 2.954134, 9.264070
17.842007, 17.888024, 2.976121, 9.273321
17.664239, 17.941230, 2.998118, 9.282528
17.485170, 17.990576, 3.020126, 9.291711
17.304883, 18.036029, 3.042141, 9.301538
17.123386, 18.077424, 3.063916, 9.314092
16.940699, 18.114467, 3.085113, 9.326338
16.756830, 18.146708, 3.105077, 9.341548
16.571716, 18.173042, 3.122075, 9.356006
16.385583, 18.193533, 3.136180, 9.370073
16.198669, 18.209073, -3.134858, 9.385952
16.011122, 18.220578, -3.123908, 9.403794
15.823084, 18.228959, -3.113376, 9.416369
15.634794, 18.235463, -3.101856, 9.423773
15.446303, 18.240892, -3.088564, 9.433222
15.257559, 18.245220, -3.073584, 9.445984
15.068515, 18.248023, -3.057235, 9.459819
14.879179, 18.248846, -3.039843, 9.473409
14.689578, 18.247247, -3.021699, 9.486868
14.499751, 18.242888, -3.003019, 9.500351
14.309746, 18.235534, -2.983950, 9.513886
14.119621, 18.225017, -2.964596, 9.527205
13.929446, 18.211197, -2.945041, 9.540040
13.739299, 18.193953, -2.925350, 9.552273
13.549264, 18.173193, -2.905571, 9.563904
13.359427, 18.148847, -2.885737, 9.574882
13.169877, 18.120866, -2.865877, 9.585227
12.980701, 18.089204, -2.846012, 9.595327
12.791977, 18.053840, -2.826141, 9.605332
12.603782, 18.014770, -2.806256, 9.615240
12.416193, 17.971993, -2.786350, 9.625017
12.229290, 17.925504, -2.766418, 9.634631
12.043155, 17.875305, -2.746459, 9.643390
11.857875, 17.821444, -2.726412, 9.651619
11.673506, 17.763991, -2.706235, 9.659541
11.490132, 17.702981, -2.685881, 9.665533
11.307842, 17.638551, -2.665162, 9.668561
11.126705, 17.570791, -2.644006, 9.670962
10.946849, 17.499637, -2.622484, 9.671105
10.768398, 17.425026, -2.600650, 9.671237
10.591452, 17.346907, -2.578544, 9.671429
10.416115, 17.265236, -2.556211, 9.671381
10.242502, 17.179974, -2.533704, 9.670810
10.070736, 17.091087, -2.511072, 9.669695
9.900937, 16.998556, -2.488354, 9.668146
9.733214, 16.902384, -2.465574, 9.666282
9.567668, 16.802587, -2.442749, 9.664163
9.404398, 16.699193, -2.419889, 9.661791
9.243501, 16.592234, -2.397006, 9.659147
9.085074, 16.481747, -2.374109, 9.656226
8.929213, 16.367773, -2.351205, 9.653043
8.776009, 16.250360, -2.328302, 9.649633
8.625552, 16.129559, -2.305404, 9.646038
8.477927, 16.005428, -2.282513, 9.642296
8.333216, 15.878028, -2.259628, 9.638306
8.191485, 15.747444, -2.236715, 9.633972
8.052788, 15.613772, -2.213734, 9.629237
7.917163, 15.477123, -2.190613, 9.624194
7.784667, 15.337575, -2.167340, 9.619283
7.655388, 15.195175, -2.143934, 9.614432
7.529413, 15.049971, -2.120412, 9.609544
7.406817, 14.902034, -2.096767, 9.604420
7.287659, 14.751447, -2.072985, 9.599165
7.172021, 14.598272, -2.049086, 9.593834
7.059995, 14.442569, -2.025091, 9.588365
6.951665, 14.284407, -2.001016, 9.582783
6.847108, 14.123861, -1.976875, 9.577084
6.746399, 13.961008, -1.952681, 9.571244
6.649611, 13.795933, -1.928444, 9.565199
6.556818, 13.628728, -1.904177, 9.558266
6.468084, 13.459495, -1.879884, 9.551067
6.383459, 13.288331, -1.855564, 9.543782
6.303000, 13.115333, -1.831223, 9.536349
6.226765, 12.940596, -1.806867, 9.528728
6.154807, 12.764222, -1.782506, 9.520935
6.087177, 12.586312, -1.758143, 9.513011
6.023918, 12.406970, -1.733784, 9.504996
5.965068, 12.226302, -1.709429, 9.496919
5.910661, 12.044417, -1.685081, 9.488786
5.860726, 11.861422, -1.660741, 9.480595
5.815321, 11.677405, -1.636478, 9.474323
5.774685, 11.492392, -1.612619, 9.468606
5.738964, 11.306500, -1.589234, 9.461409
5.708142, 11.119886, -1.566262, 9.453922
5.682111, 10.932663, -1.543639, 9.450070
5.660812, 10.744879, -1.521331, 9.449229
5.644249, 10.556636, -1.499339, 9.448470
5.632346, 10.368049, -1.477616, 9.448352
5.624970, 10.179239, -1.456044, 9.447431
5.621866, 9.990323, -1.434384, 9.447319
5.622927, 9.801374, -1.412582, 9.448358
5.628204, 9.612435, -1.390772, 9.455182
5.638846, 9.423536, -1.370781, 9.463414
5.656025, 9.235016, -1.354024, 9.467489
5.679116, 9.047029, -1.339759, 9.473324
5.707161, 8.859572, -1.327135, 9.481622
5.739324, 8.672581, -1.315552, 9.492246
5.774932, 8.485977, -1.304599, 9.504831
5.813476, 8.299683, -1.294006, 9.518919
5.854519, 8.113635, -1.283471, 9.532080
5.897283, 7.927738, -1.272025, 9.542309
5.941123, 7.741892, -1.258882, 9.552116
5.986008, 7.556072, -1.243974, 9.564175
6.032331, 7.370335, -1.227581, 9.578014
6.080566, 7.184794, -1.210033, 9.592097
6.131118, 6.999586, -1.191620, 9.605587
6.184355, 6.814859, -1.172593, 9.618333
6.240562, 6.630754, -1.153132, 9.630635
6.299924, 6.447386, -1.133351, 9.642793
6.362559, 6.264870, -1.113327, 9.652578
6.428520, 6.083353, -1.093115, 9.660367
6.497843, 5.902928, -1.072743, 9.668007
6.570586, 5.723696, -1.052255, 9.674940
6.646799, 5.545770, -1.031702, 9.681151
6.726524, 5.369259, -1.011121, 9.686904
6.809776, 5.194261, -0.990524, 9.692328
6.896547, 5.020860, -0.969912, 9.697819
6.986793, 4.849112, -0.949269, 9.703642
7.080490, 4.679092, -0.928579, 9.709159
7.177645, 4.510905, -0.907854, 9.713984
7.278263, 4.344663, -0.887116, 9.718083
7.382328, 4.180470, -0.866375, 9.721276
7.489748, 4.018384, -0.845533, 9.724014
7.600445, 3.858445, -0.824549, 9.727170
7.714394, 3.700726, -0.803434, 9.730572
7.831574, 3.545305, -0.782202, 9.734154
7.951957, 3.392261, -0.760868, 9.737708
8.075516, 3.241678, -0.739455, 9.741115
8.202224, 3.093649, -0.717987, 9.744328
8.332047, 2.948260, -0.696482, 9.747344
8.464944, 2.805597, -0.674950, 9.750183
8.600871, 2.665740, -0.653401, 9.752858
8.739777, 2.528767, -0.631839, 9.755379
8.881605, 2.394752, -0.610269, 9.757777
9.026299, 2.263766, -0.588693, 9.760075
9.173797, 2.135876, -0.567113, 9.762291
9.324035, 2.011149, -0.545528, 9.764443
9.476946, 1.889646, -0.523938, 9.766539
9.632464, 1.771428, -0.502344, 9.768580
9.790518, 1.656556, -0.480747, 9.770569
9.951037, 1.545086, -0.459146, 9.772401
10.113941, 1.437081, -0.437546, 9.773387
10.279182, 1.332622, -0.416033, 9.776813
10.447016, 1.232204, -0.395467, 9.780975
10.617491, 1.136244, -0.376176, 9.782146
10.790376, 1.044650, -0.357891, 9.783198
10.965382, 0.957120, -0.340346, 9.784760
11.142292, 0.873410, -0.323362, 9.787418
11.321127, 0.793655, -0.307442, 9.794498
11.502459, 0.719404, -0.295392, 9.800721
11.686220, 0.650982, -0.287693, 9.809214
11.871909, 0.587268, -0.283071, 9.822915
12.059030, 0.526908, -0.280347, 9.837478
12.247115, 0.468735, -0.278690, 9.850330
12.435881, 0.411861, -0.277521, 9.863592
12.624791, 0.354801, -0.274911, 9.868816
12.813270, 0.296144, -0.268901, 9.870879
13.001420, 0.236004, -0.259717, 9.885775
13.190150, 0.176150, -0.249777, 9.910951
13.380009, 0.118590, -0.241261, 9.925982
13.571108, 0.064453, -0.235473, 9.935452
13.763243, 0.013464, -0.232097, 9.943227
13.956122, -0.035324, -0.230212, 9.951418
14.149489, -0.082765, -0.229124, 9.958529
14.343189, -0.129423, -0.228432, 9.965205
14.537141, -0.175620, -0.227931, 9.972157
14.731302, -0.221525, -0.227529, 9.978786
14.925637, -0.267230, -0.227185, 9.984705
15.120126, -0.312786, -0.226883, 9.989893
15.314730, -0.358221, -0.226615, 9.993776
15.509439, -0.403559, -0.226376, 9.997890
15.704256, -0.448804, -0.226187, 10.002057
15.899263, -0.493557, -0.226725, 10.005318
16.094559, -0.537288, -0.228800, 10.007350
16.290134, -0.579660, -0.233037, 10.003264
16.485910, -0.620614, -0.239825, 9.998534
16.681810, -0.660536, -0.249065, 9.994186
16.877713, -0.699907, -0.260658, 9.987713
17.073487, -0.739199, -0.274510, 9.980557
17.269016, -0.779003, -0.290312, 9.973730
17.464169, -0.819908, -0.307758, 9.965794
17.658784, -0.862517, -0.326444, 9.957388
17.852691, -0.907481, -0.345828, 9.947168
18.045489, -0.955403, -0.365277, 9.915540
18.235848, -1.008399, -0.381287, 9.836874
18.421824, -1.067429, -0.391690, 9.672820
18.602164, -1.130538, -0.397921, 9.445237
18.776545, -1.195520, -0.401637, 9.190995
18.945234, -1.260620, -0.403955, 8.926870
19.108540, -1.324717, -0.405577, 8.658053
19.266722, -1.387127, -0.407138, 8.383705
19.419747, -1.447464, -0.409193, 8.091349
19.567774, -1.505248, -0.411972, 7.822333
19.711433, -1.560580, -0.415245, 7.589237
19.851288, -1.613635, -0.419077, 7.385573
19.987302, -1.664864, -0.423211, 7.160225
20.118652, -1.714535, -0.427056, 6.893621
20.244831, -1.762374, -0.430686, 6.617021
20.365850, -1.808467, -0.434044, 6.351023
20.481794, -1.853121, -0.436981, 6.095093
20.592579, -1.896982, -0.439208, 5.849810
20.698965, -1.942063, -0.440226, 5.759223
20.803659, -1.989448, -0.440333, 5.743817
20.907646, -2.037807, -0.440165, 5.732520
21.011396, -2.086294, -0.440121, 5.724264
21.115008, -2.134755, -0.440212, 5.717166
21.218483, -2.183211, -0.440351, 5.710625
21.321820, -2.231678, -0.440485, 5.704428
21.425027, -2.280150, -0.440600, 5.698532
21.528112, -2.328616, -0.440695, 5.692981
21.631085, -2.377072, -0.440776, 5.687861
21.733957, -2.425513, -0.440844, 5.683040
