x_m,y_m,state
-318.3232421875,-148.24951171875,RUNNING_MPC
-316.8053283691406,-146.16720581054688,RUNNING_MPC
-314.7785949707031,-143.38555908203125,RUNNING_MPC
-312.75860595703125,-140.5970916748047,RUNNING_MPC
-311.2514343261719,-138.50247192382812,RUNNING_MPC
-309.2531433105469,-135.71041870117188,RUNNING_MPC
-307.2665710449219,-132.92539978027344,RUNNING_MPC
-305.7829284667969,-130.84368896484375,RUNNING_MPC
-303.8111572265625,-128.07888793945312,RUNNING_MPC
-301.8451232910156,-125.3265380859375,RUNNING_MPC
-300.3730163574219,-123.26982116699219,RUNNING_MPC
-298.90179443359375,-121.21813201904297,RUNNING_MPC
-296.9389953613281,-118.4865951538086,RUNNING_MPC
-294.971923828125,-115.75499725341797,RUNNING_MPC
-293.4925537109375,-113.70368957519531,RUNNING_MPC
-291.5127868652344,-110.96151733398438,RUNNING_MPC
-289.5241394042969,-108.20836639404297,RUNNING_MPC
-288.02691650390625,-106.1351547241211,RUNNING_MPC
-286.02398681640625,-103.35989379882812,RUNNING_MPC
-284.0157470703125,-100.57418060302734,RUNNING_MPC
-282.50738525390625,-98.47991180419922,RUNNING_MPC
-279.99468994140625,-94.98812103271484,RUNNING_MPC
-277.9909973144531,-92.20075225830078,RUNNING_MPC
-275.998046875,-89.42686462402344,RUNNING_MPC
-274.0207824707031,-86.67442321777344,RUNNING_MPC
-272.06353759765625,-83.95003509521484,RUNNING_MPC
-270.1303405761719,-81.260009765625,RUNNING_MPC
-268.69793701171875,-79.26807403564453,RUNNING_MPC
-266.81298828125,-76.64956665039062,RUNNING_MPC
-264.9581298828125,-74.0765380859375,RUNNING_MPC
-263.5873107910156,-72.17815399169922,RUNNING_MPC
-261.7874755859375,-69.6905517578125,RUNNING_MPC
-260.4593811035156,-67.85843658447266,RUNNING_MPC
-258.7187805175781,-65.4609146118164,RUNNING_MPC
-257.01416015625,-63.11591339111328,RUNNING_MPC
-255.760009765625,-61.39168167114258,RUNNING_MPC
-254.1204376220703,-59.13809585571289,RUNNING_MPC
-252.51747131347656,-56.93463134765625,RUNNING_MPC
-251.3379669189453,-55.31314468383789,RUNNING_MPC
-249.79214477539062,-53.18802261352539,RUNNING_MPC
-248.27145385742188,-51.09907531738281,RUNNING_MPC
-247.14288330078125,-49.551551818847656,RUNNING_MPC
-245.64761352539062,-47.508426666259766,RUNNING_MPC
-244.1560821533203,-45.48390197753906,RUNNING_MPC
-243.035888671875,-43.97565841674805,RUNNING_MPC
-241.53538513183594,-41.97553253173828,RUNNING_MPC
-240.02197265625,-39.984703063964844,RUNNING_MPC
-238.87530517578125,-38.496055603027344,RUNNING_MPC
-237.32696533203125,-36.51573181152344,RUNNING_MPC
-235.7515106201172,-34.53847885131836,RUNNING_MPC
-234.5498504638672,-33.05758285522461,RUNNING_MPC
-232.91737365722656,-31.086137771606445,RUNNING_MPC
-231.2459259033203,-29.117759704589844,RUNNING_MPC
-229.96456909179688,-27.64482879638672,RUNNING_MPC
-228.21884155273438,-25.689350128173828,RUNNING_MPC
-226.42825317382812,-23.74972915649414,RUNNING_MPC
-224.59622192382812,-21.8342227935791,RUNNING_MPC
-223.19923400878906,-20.41793441772461,RUNNING_MPC
-221.3045654296875,-18.563310623168945,RUNNING_MPC
-219.37928771972656,-16.752975463867188,RUNNING_MPC
-217.915283203125,-15.429523468017578,RUNNING_MPC
-215.44097900390625,-13.302021980285645,RUNNING_MPC
-213.4330596923828,-11.670097351074219,RUNNING_MPC
-210.8846435546875,-9.717933654785156,RUNNING_MPC
-208.81170654296875,-8.226730346679688,RUNNING_MPC
-206.70228576660156,-6.798959255218506,RUNNING_MPC
-204.5502471923828,-5.433298110961914,RUNNING_MPC
-202.90618896484375,-4.449885845184326,RUNNING_MPC
-200.6707000732422,-3.198002815246582,RUNNING_MPC
-198.3820343017578,-2.013944149017334,RUNNING_MPC
-196.63046264648438,-1.1712034940719604,RUNNING_MPC
-194.2469940185547,-0.10800426453351974,RUNNING_MPC
-191.8085479736328,0.8850612640380859,RUNNING_MPC
-189.9442138671875,1.5829511880874634,RUNNING_MPC
-187.4115447998047,2.4544360637664795,RUNNING_MPC
-185.478759765625,3.066667318344116,RUNNING_MPC
-182.85462951660156,3.8270514011383057,RUNNING_MPC
-180.18006896972656,4.528799533843994,RUNNING_MPC
-178.1414794921875,5.016772270202637,RUNNING_MPC
-175.3803253173828,5.617283821105957,RUNNING_MPC
-172.57015991210938,6.1617560386657715,RUNNING_MPC
-170.4310760498047,6.534106254577637,RUNNING_MPC
-167.53614807128906,6.98101282119751,RUNNING_MPC
-164.593994140625,7.370965957641602,RUNNING_MPC
-162.35675048828125,7.6256842613220215,RUNNING_MPC
-159.3326416015625,7.914734363555908,RUNNING_MPC
-156.26234436035156,8.144705772399902,RUNNING_MPC
-153.9300994873047,8.279783248901367,RUNNING_MPC
-150.78184509277344,8.40930461883545,RUNNING_MPC
-148.39187622070312,8.469287872314453,RUNNING_MPC
-145.16818237304688,8.500073432922363,RUNNING_MPC
-142.72348022460938,8.488595962524414,RUNNING_MPC
-139.4302520751953,8.426422119140625,RUNNING_MPC
-136.93798828125,8.3480224609375,RUNNING_MPC
-133.58677673339844,8.19844913482666,RUNNING_MPC
-130.2090301513672,8.002856254577637,RUNNING_MPC
-127.66104125976562,7.824141025543213,RUNNING_MPC
-124.24803161621094,7.547269821166992,RUNNING_MPC
-121.67987823486328,7.312782287597656,RUNNING_MPC
-119.1082763671875,7.055756568908691,RUNNING_MPC
-115.67931365966797,6.683082580566406,RUNNING_MPC
-112.25554656982422,6.283763885498047,RUNNING_MPC
-109.69511413574219,5.970666408538818,RUNNING_MPC
-106.29550170898438,5.539850234985352,RUNNING_MPC
-102.91423797607422,5.098381519317627,RUNNING_MPC
-98.71438598632812,4.537123203277588,RUNNING_MPC
-95.37344360351562,4.083368301391602,RUNNING_MPC
-92.87615203857422,3.740992546081543,RUNNING_MPC
-89.55270385742188,3.2823307514190674,RUNNING_MPC
-86.23065185546875,2.8216326236724854,RUNNING_MPC
-83.73661804199219,2.474902629852295,RUNNING_MPC
-80.40422058105469,2.0123000144958496,RUNNING_MPC
-77.05921936035156,1.551424503326416,RUNNING_MPC
-74.53952026367188,1.2087360620498657,RUNNING_MPC
-71.16414642333984,0.7589871883392334,RUNNING_MPC
-67.77037811279297,0.3229064345359802,RUNNING_MPC
-65.2137451171875,0.008733891882002354,RUNNING_MPC
-61.79280471801758,-0.3876468241214752,RUNNING_MPC
-58.36344909667969,-0.7538238167762756,RUNNING_MPC
-55.78830337524414,-1.0030510425567627,RUNNING_MPC
-52.35557556152344,-1.298475980758667,RUNNING_MPC
-48.92903137207031,-1.5468305349349976,RUNNING_MPC
-45.51287841796875,-1.743845820426941,RUNNING_MPC
-42.95886993408203,-1.8565833568572998,RUNNING_MPC
-39.56562805175781,-1.9606451988220215,RUNNING_MPC
-36.184234619140625,-2.0108206272125244,RUNNING_MPC
-33.654563903808594,-2.0154335498809814,RUNNING_MPC
-30.28657341003418,-1.979142427444458,RUNNING_MPC
-26.919742584228516,-1.8955291509628296,RUNNING_MPC
-23.54867935180664,-1.7636936902999878,RUNNING_MPC
-21.016183853149414,-1.63004469871521,RUNNING_MPC
-17.63120460510254,-1.4006069898605347,RUNNING_MPC
-14.23615837097168,-1.104893445968628,RUNNING_MPC
-11.683612823486328,-0.8370214700698853,RUNNING_MPC
-8.274541854858398,-0.41664183139801025,RUNNING_MPC
-4.863533973693848,0.08442362397909164,RUNNING_MPC
-2.3073434829711914,0.5163214206695557,RUNNING_MPC
1.092519760131836,1.1692427396774292,RUNNING_MPC
3.630281925201416,1.7169880867004395,RUNNING_MPC
6.989164352416992,2.528993844985962,RUNNING_MPC
10.316634178161621,3.4283158779144287,RUNNING_MPC
12.787569046020508,4.157950401306152,RUNNING_MPC
16.048004150390625,5.197847843170166,RUNNING_MPC
19.268081665039062,6.306042194366455,RUNNING_MPC
22.452220916748047,7.472990989685059,RUNNING_MPC
25.606868743896484,8.687047004699707,RUNNING_MPC
28.737810134887695,9.941301345825195,RUNNING_MPC
31.84976577758789,11.234295845031738,RUNNING_MPC
34.946983337402344,12.569089889526367,RUNNING_MPC
38.03168487548828,13.951025009155273,RUNNING_MPC
41.10429763793945,15.385673522949219,RUNNING_MPC
44.163902282714844,16.88050079345703,RUNNING_MPC
47.96637725830078,18.83901596069336,RUNNING_MPC
50.9868049621582,20.479721069335938,RUNNING_MPC
53.98249816894531,22.184947967529297,RUNNING_MPC
56.94923782348633,23.95105743408203,RUNNING_MPC
60.61058044433594,26.235092163085938,RUNNING_MPC
63.499183654785156,28.113117218017578,RUNNING_MPC
67.0573959350586,30.510746002197266,RUNNING_MPC
69.86329650878906,32.45949935913086,RUNNING_MPC
72.6365966796875,34.42742156982422,RUNNING_MPC
76.06269073486328,36.908565521240234,RUNNING_MPC
78.77666473388672,38.90924835205078,RUNNING_MPC
82.14168548583984,41.43195724487305,RUNNING_MPC
84.8162841796875,43.47185516357422,RUNNING_MPC
88.14244079589844,46.05752182006836,RUNNING_MPC
90.79225158691406,48.15814971923828,RUNNING_MPC
94.0914535522461,50.83194351196289,RUNNING_MPC
96.72122192382812,53.01011276245117,RUNNING_MPC
99.9942626953125,55.77745056152344,RUNNING_MPC
102.5970458984375,58.027713775634766,RUNNING_MPC
105.18569946289062,60.3037223815918,RUNNING_MPC
109.035888671875,63.75159454345703,RUNNING_MPC
111.57679748535156,66.06352996826172,RUNNING_MPC
114.094970703125,68.37759399414062,RUNNING_MPC
117.20780944824219,71.26354217529297,RUNNING_MPC
119.05476379394531,72.98762512207031,RUNNING_MPC
122.696533203125,76.40764617919922,RUNNING_MPC
125.08360290527344,78.66105651855469,RUNNING_MPC
127.43521881103516,80.8892593383789,RUNNING_MPC
129.7505340576172,83.08844757080078,RUNNING_MPC
132.02821350097656,85.25615692138672,RUNNING_MPC
134.8209686279297,87.91765594482422,RUNNING_MPC
137.00982666015625,90.00601196289062,RUNNING_MPC
138.62454223632812,91.54739379882812,RUNNING_MPC
141.26332092285156,94.0672378540039,RUNNING_MPC
143.83541870117188,96.52393341064453,RUNNING_MPC
145.84466552734375,98.4422836303711,RUNNING_MPC
147.81085205078125,100.31790161132812,RUNNING_MPC
149.73486328125,102.1507568359375,RUNNING_MPC
152.0815887451172,104.38169860839844,RUNNING_MPC
154.36599731445312,106.54586791992188,RUNNING_MPC
156.1493682861328,108.22915649414062,RUNNING_MPC
158.32626342773438,110.27444458007812,RUNNING_MPC
160.02670288085938,111.86339569091797,RUNNING_MPC
161.27853393554688,113.02784729003906,RUNNING_MPC
163.72213745117188,115.28707885742188,RUNNING_MPC
165.3067169189453,116.74183654785156,RUNNING_MPC
167.23794555664062,118.50270080566406,RUNNING_MPC
168.7432403564453,119.86557006835938,RUNNING_MPC
170.57546997070312,121.5119857788086,RUNNING_MPC
172.00148010253906,122.78376770019531,RUNNING_MPC
173.391845703125,124.01567840576172,RUNNING_MPC
175.08030700683594,125.50013732910156,RUNNING_MPC
176.39263916015625,126.64419555664062,RUNNING_MPC
177.98793029785156,128.02078247070312,RUNNING_MPC
179.23141479492188,129.08071899414062,RUNNING_MPC
180.45034790039062,130.1061553955078,RUNNING_MPC
181.9471893310547,131.34310913085938,RUNNING_MPC
182.540283203125,131.8255615234375,RUNNING_MPC
184.312744140625,133.23828125,RUNNING_MPC
185.49612426757812,134.1552276611328,RUNNING_MPC
186.6867218017578,135.05526733398438,RUNNING_MPC
187.8898468017578,135.94085693359375,RUNNING_MPC
189.110595703125,136.8136444091797,RUNNING_MPC
190.35324096679688,137.6745147705078,RUNNING_MPC
191.30186462402344,138.3128662109375,RUNNING_MPC
192.9180450439453,139.36199951171875,RUNNING_MPC
194.2442169189453,140.1855010986328,RUNNING_MPC
195.59915161132812,140.99034118652344,RUNNING_MPC
196.98028564453125,141.77154541015625,RUNNING_MPC
198.73825073242188,142.7074737548828,RUNNING_MPC
200.1634979248047,143.41732788085938,RUNNING_MPC
201.60015869140625,144.0879364013672,RUNNING_MPC
203.0448760986328,144.7158966064453,RUNNING_MPC
204.8563232421875,145.43710327148438,RUNNING_MPC
206.3083953857422,145.96218872070312,RUNNING_MPC
207.76280212402344,146.44065856933594,RUNNING_MPC
209.22178649902344,146.87313842773438,RUNNING_MPC
210.68814086914062,147.2597198486328,RUNNING_MPC
212.16493225097656,147.599365234375,RUNNING_MPC
213.65591430664062,147.8916015625,RUNNING_MPC
215.16477966308594,148.1352081298828,RUNNING_MPC
216.6923065185547,148.3257598876953,RUNNING_MPC
218.23927307128906,148.45941162109375,RUNNING_MPC
219.41140747070312,148.5197296142578,RUNNING_MPC
220.98741149902344,148.54364013671875,RUNNING_MPC
222.57310485839844,148.49838256835938,RUNNING_MPC
224.16009521484375,148.37889099121094,RUNNING_MPC
225.34718322753906,148.23977661132812,RUNNING_MPC
226.91709899902344,147.986083984375,RUNNING_MPC
228.4649200439453,147.654052734375,RUNNING_MPC
229.9856719970703,147.2459259033203,RUNNING_MPC
231.47216796875,146.76158142089844,RUNNING_MPC
232.92010498046875,146.20176696777344,RUNNING_MPC
234.32826232910156,145.568115234375,RUNNING_MPC
235.6952667236328,144.8603515625,RUNNING_MPC
237.02047729492188,144.0790557861328,RUNNING_MPC
238.6253662109375,142.99920654296875,RUNNING_MPC
239.8655242919922,142.05271911621094,RUNNING_MPC
241.36062622070312,140.7668914794922,RUNNING_MPC
242.7939910888672,139.36729431152344,RUNNING_MPC
244.16323852539062,137.8549041748047,RUNNING_MPC
245.4691925048828,136.23182678222656,RUNNING_MPC
246.468505859375,134.8558807373047,RUNNING_MPC
247.66226196289062,133.04087829589844,RUNNING_MPC
248.79710388183594,131.1247100830078,RUNNING_MPC
249.8798370361328,129.11260986328125,RUNNING_MPC
250.71136474609375,127.43505859375,RUNNING_MPC
251.5171356201172,125.70073699951172,RUNNING_MPC
252.48828125,123.45222473144531,RUNNING_MPC
253.24085998535156,121.59059143066406,RUNNING_MPC
254.1498260498047,119.18359375,RUNNING_MPC
254.85311889648438,117.19633483886719,RUNNING_MPC
255.6961669921875,114.63504028320312,RUNNING_MPC
256.341552734375,112.53214263916016,RUNNING_MPC
256.9580078125,110.38900756835938,RUNNING_MPC
257.6925964355469,107.67174530029297,RUNNING_MPC
258.2545166015625,105.48448181152344,RUNNING_MPC
258.93072509765625,102.75542449951172,RUNNING_MPC
259.45428466796875,100.59020233154297,RUNNING_MPC
259.96453857421875,98.45098114013672,RUNNING_MPC
260.7074890136719,95.30480194091797,RUNNING_MPC
261.307861328125,92.74916076660156,RUNNING_MPC
261.7774658203125,90.75045013427734,RUNNING_MPC
262.35296630859375,88.31021118164062,RUNNING_MPC
262.9172668457031,85.93514251708984,RUNNING_MPC
263.36181640625,84.08281707763672,RUNNING_MPC
263.91015625,81.82894134521484,RUNNING_MPC
264.45220947265625,79.64707946777344,RUNNING_MPC
264.9879455566406,77.54234313964844,RUNNING_MPC
265.5182800292969,75.51961517333984,RUNNING_MPC
265.93853759765625,73.96333312988281,RUNNING_MPC
266.4592590332031,72.0947265625,RUNNING_MPC
266.7698974609375,71.01226806640625,RUNNING_MPC
267.3898010253906,68.92350769042969,RUNNING_MPC
267.8050842285156,67.57605743408203,RUNNING_MPC
268.33087158203125,65.92687225341797,RUNNING_MPC
268.7598571777344,64.6280288696289,RUNNING_MPC
269.3114318847656,63.0198974609375,RUNNING_MPC
269.7691955566406,61.73949432373047,RUNNING_MPC
270.3675842285156,60.14079284667969,RUNNING_MPC
270.8712463378906,58.859642028808594,RUNNING_MPC
271.5378723144531,57.25057601928711,RUNNING_MPC
271.9604187011719,56.2792854309082,RUNNING_MPC
272.8630676269531,54.322044372558594,RUNNING_MPC
273.6806640625,52.6762580871582,RUNNING_MPC
274.3821105957031,51.35335922241211,RUNNING_MPC
275.3215026855469,49.701595306396484,RUNNING_MPC
276.32940673828125,48.06754684448242,RUNNING_MPC
277.1843566894531,46.78697967529297,RUNNING_MPC
278.0787353515625,45.53956604003906,RUNNING_MPC
279.4864501953125,43.74925231933594,RUNNING_MPC
280.21630859375,42.89630126953125,RUNNING_MPC
281.72174072265625,41.28078079223633,RUNNING_MPC
283.0201110839844,40.025978088378906,RUNNING_MPC
284.0887145996094,39.08194351196289,RUNNING_MPC
285.4678955078125,37.97359848022461,RUNNING_MPC
286.6130676269531,37.144893646240234,RUNNING_MPC
287.8008728027344,36.37179946899414,RUNNING_MPC
289.0351257324219,35.657981872558594,RUNNING_MPC
290.31719970703125,35.00679397583008,RUNNING_MPC
291.9865417480469,34.28216552734375,RUNNING_MPC
293.022216796875,33.89533233642578,RUNNING_MPC
294.4400939941406,33.4372444152832,RUNNING_MPC
295.52801513671875,33.1398811340332,RUNNING_MPC
297.00506591796875,32.80976867675781,RUNNING_MPC
298.504638671875,32.56049346923828,RUNNING_MPC
300.0146789550781,32.39683151245117,RUNNING_MPC
301.5259094238281,32.32102584838867,RUNNING_MPC
303.0274353027344,32.33326721191406,RUNNING_MPC
304.5099182128906,32.43280792236328,RUNNING_MPC
305.9692077636719,32.617000579833984,RUNNING_MPC
307.40032958984375,32.88324737548828,RUNNING_MPC
308.8024597167969,33.22944641113281,RUNNING_MPC
310.1772766113281,33.65353012084961,RUNNING_MPC
311.5263671875,34.15372848510742,RUNNING_MPC
312.8523864746094,34.728816986083984,RUNNING_MPC
313.83148193359375,35.2086181640625,RUNNING_MPC
315.7526550292969,36.292030334472656,RUNNING_MPC
317.0044250488281,37.106781005859375,RUNNING_MPC
318.53472900390625,38.23040008544922,RUNNING_MPC
319.729736328125,39.213951110839844,RUNNING_MPC
320.8966369628906,40.2724494934082,RUNNING_MPC
322.0354309082031,41.40516662597656,RUNNING_MPC
323.1456298828125,42.61088943481445,RUNNING_MPC
324.22686767578125,43.88764572143555,RUNNING_MPC
325.279052734375,45.23518371582031,RUNNING_MPC
326.55499267578125,47.01605224609375,RUNNING_MPC
327.5451354980469,48.516204833984375,RUNNING_MPC
328.5066833496094,50.0830078125,RUNNING_MPC
329.4391784667969,51.71619415283203,RUNNING_MPC
330.3430480957031,53.4145393371582,RUNNING_MPC
331.002685546875,54.72990036010742,RUNNING_MPC
332.06591796875,57.00155258178711,RUNNING_MPC
332.8902587890625,58.885799407958984,RUNNING_MPC
333.8901062011719,61.32746887207031,RUNNING_MPC
334.6707763671875,63.34626770019531,RUNNING_MPC
335.62725830078125,65.94692993164062,RUNNING_MPC
336.56951904296875,68.63336944580078,RUNNING_MPC
337.3214111328125,70.83950805664062,RUNNING_MPC
338.0747985839844,73.09770965576172,RUNNING_MPC
338.8352355957031,75.40575408935547,RUNNING_MPC
339.7979736328125,78.36038208007812,RUNNING_MPC
340.57720947265625,80.77912902832031,RUNNING_MPC
341.16571044921875,82.62517547607422,RUNNING_MPC
341.9544372558594,85.12950897216797,RUNNING_MPC
342.7436218261719,87.68479919433594,RUNNING_MPC
343.5324401855469,90.2911148071289,RUNNING_MPC
344.3138122558594,92.94441223144531,RUNNING_MPC
345.0912170410156,95.65126037597656,RUNNING_MPC
345.8622131347656,98.41060638427734,RUNNING_MPC
346.6258239746094,101.2210693359375,RUNNING_MPC
347.38128662109375,104.08182525634766,RUNNING_MPC
348.1278076171875,106.99354553222656,RUNNING_MPC
348.8659362792969,109.95362091064453,RUNNING_MPC
349.58740234375,112.96161651611328,RUNNING_MPC
350.29107666015625,116.01524353027344,RUNNING_MPC
351.13763427734375,119.88224029541016,RUNNING_MPC
351.7819519042969,123.0032958984375,RUNNING_MPC
352.3924255371094,126.13554382324219,RUNNING_MPC
353.10650634765625,130.0480499267578,RUNNING_MPC
353.76873779296875,133.93760681152344,RUNNING_MPC
354.2645568847656,137.01995849609375,RUNNING_MPC
354.8423767089844,140.82667541503906,RUNNING_MPC
355.2664794921875,143.83103942871094,RUNNING_MPC
355.74017333984375,147.5333251953125,RUNNING_MPC
356.1430358886719,151.17572021484375,RUNNING_MPC
356.4098205566406,154.0460205078125,RUNNING_MPC
356.6710205078125,157.5783233642578,RUNNING_MPC
356.82080078125,160.35769653320312,RUNNING_MPC
356.93170166015625,163.7706756591797,RUNNING_MPC
356.9583435058594,166.44740295410156,RUNNING_MPC
356.93365478515625,169.07388305664062,RUNNING_MPC
356.8839111328125,171.0108184814453,RUNNING_MPC
356.7043762207031,174.80319213867188,RUNNING_MPC
356.5777587890625,176.66200256347656,RUNNING_MPC
356.3171691894531,179.71481323242188,RUNNING_MPC
356.13104248046875,181.52651977539062,RUNNING_MPC
355.77166748046875,184.52137756347656,RUNNING_MPC
355.5260314941406,186.30848693847656,RUNNING_MPC
354.95806884765625,189.87054443359375,RUNNING_MPC
354.5144348144531,192.2383575439453,RUNNING_MPC
354.0120544433594,194.60548400878906,RUNNING_MPC
353.44476318359375,196.97335815429688,RUNNING_MPC
352.6335144042969,199.93299865722656,RUNNING_MPC
351.8973083496094,202.30157470703125,RUNNING_MPC
350.8602600097656,205.26014709472656,RUNNING_MPC
349.68548583984375,208.20684814453125,RUNNING_MPC
348.6422119140625,210.54348754882812,RUNNING_MPC
347.20916748046875,213.42236328125,RUNNING_MPC
345.966552734375,215.68218994140625,RUNNING_MPC
344.2937316894531,218.44239807128906,RUNNING_MPC
342.86761474609375,220.5893096923828,RUNNING_MPC
340.9924621582031,223.21258544921875,RUNNING_MPC
339.8244323730469,224.76243591308594,RUNNING_MPC
337.40472412109375,227.8275604248047,RUNNING_MPC
335.7367858886719,229.8553924560547,RUNNING_MPC
333.5916748046875,232.38011169433594,RUNNING_MPC
332.2706604003906,233.8900909423828,RUNNING_MPC
330.47027587890625,235.8994140625,RUNNING_MPC
328.6181945800781,237.90158081054688,RUNNING_MPC
326.7133483886719,239.89857482910156,RUNNING_MPC
324.75482177734375,241.88917541503906,RUNNING_MPC
322.74261474609375,243.87269592285156,RUNNING_MPC
320.67529296875,245.85169982910156,RUNNING_MPC
318.0179748535156,248.32347106933594,RUNNING_MPC
315.83636474609375,250.30235290527344,RUNNING_MPC
313.6080627441406,252.28810119628906,RUNNING_MPC
310.7628479003906,254.78392028808594,RUNNING_MPC
308.4401550292969,256.79742431640625,RUNNING_MPC
305.4852600097656,259.3438720703125,RUNNING_MPC
302.4794921875,261.9309387207031,RUNNING_MPC
300.0412292480469,264.0334167480469,RUNNING_MPC
296.953857421875,266.70184326171875,RUNNING_MPC
293.8245544433594,269.4127197265625,RUNNING_MPC
291.29229736328125,271.6070556640625,RUNNING_MPC
288.0942077636719,274.3751525878906,RUNNING_MPC
285.5116882324219,276.6048889160156,RUNNING_MPC
282.2577819824219,279.4057922363281,RUNNING_MPC
279.63861083984375,281.65460205078125,RUNNING_MPC
277.66796875,283.343505859375,RUNNING_MPC
273.7211608886719,286.720458984375,RUNNING_MPC
271.0941162109375,288.9657897949219,RUNNING_MPC
268.47637939453125,291.20263671875,RUNNING_MPC
265.8712463378906,293.42919921875,RUNNING_MPC
262.6348876953125,296.19647216796875,RUNNING_MPC
260.0615234375,298.3971862792969,RUNNING_MPC
257.49981689453125,300.58831787109375,RUNNING_MPC
254.9468536376953,302.7727355957031,RUNNING_MPC
252.398193359375,304.9547119140625,RUNNING_MPC
249.8490753173828,307.1385498046875,RUNNING_MPC
247.2953643798828,309.3270568847656,RUNNING_MPC
244.7332763671875,311.52288818359375,RUNNING_MPC
241.5151824951172,314.2806091308594,RUNNING_MPC
238.92552185058594,316.498291015625,RUNNING_MPC
235.66973876953125,319.2839660644531,RUNNING_MPC
232.3976287841797,322.08001708984375,RUNNING_MPC
229.77243041992188,324.3199157714844,RUNNING_MPC
226.4874725341797,327.1174621582031,RUNNING_MPC
223.2066192626953,329.90496826171875,RUNNING_MPC
219.9374237060547,332.6774597167969,RUNNING_MPC
216.68397521972656,335.4329528808594,RUNNING_MPC
213.44821166992188,338.1722106933594,RUNNING_MPC
210.87139892578125,340.3547668457031,RUNNING_MPC
207.0199432373047,343.6209716796875,RUNNING_MPC
203.81634521484375,346.3424072265625,RUNNING_MPC
200.61114501953125,349.0705261230469,RUNNING_MPC
198.04063415527344,351.2619323730469,RUNNING_MPC
195.4617462158203,353.46307373046875,RUNNING_MPC
192.22425842285156,356.2283630371094,RUNNING_MPC
190.27406311035156,357.89483642578125,RUNNING_MPC
186.35755920410156,361.2409362792969,RUNNING_MPC
183.73849487304688,363.4761657714844,RUNNING_MPC
180.4609375,366.26812744140625,RUNNING_MPC
178.49514770507812,367.94000244140625,RUNNING_MPC
175.2239990234375,370.7176513671875,RUNNING_MPC
171.96334838867188,373.4799499511719,RUNNING_MPC
169.36366271972656,375.67767333984375,RUNNING_MPC
166.12530517578125,378.4104919433594,RUNNING_MPC
162.897705078125,381.1317443847656,RUNNING_MPC
159.67770385742188,383.8478698730469,RUNNING_MPC
157.74688720703125,385.47802734375,RUNNING_MPC
153.8825225830078,388.74432373046875,RUNNING_MPC
151.300537109375,390.9296875,RUNNING_MPC
147.41195678710938,394.2231140136719,RUNNING_MPC
144.80810546875,396.42926025390625,RUNNING_MPC
140.88734436035156,399.7514343261719,RUNNING_MPC
137.60960388183594,402.5279541015625,RUNNING_MPC
134.32835388183594,405.30615234375,RUNNING_MPC
131.7053680419922,407.52587890625,RUNNING_MPC
127.7796630859375,410.84564208984375,RUNNING_MPC
125.1715316772461,413.05023193359375,RUNNING_MPC
121.9240493774414,415.7966003417969,RUNNING_MPC
119.3357162475586,417.98626708984375,RUNNING_MPC
116.75402069091797,420.1714782714844,RUNNING_MPC
113.53435516357422,422.89947509765625,RUNNING_MPC
110.96100616455078,425.0814208984375,RUNNING_MPC
107.74250793457031,427.812255859375,RUNNING_MPC
105.16287231445312,430.0019836425781,RUNNING_MPC
102.57650756835938,432.1982421875,RUNNING_MPC
99.33200073242188,434.9522705078125,RUNNING_MPC
96.7276840209961,437.1629333496094,RUNNING_MPC
94.11659240722656,439.3792419433594,RUNNING_MPC
91.50086975097656,441.5998229980469,RUNNING_MPC
88.23001861572266,444.37933349609375,RUNNING_MPC
84.96389770507812,447.1589660644531,RUNNING_MPC
82.35819244384766,449.3807678222656,RUNNING_MPC
79.11280822753906,452.1531066894531,RUNNING_MPC
75.88130950927734,454.91839599609375,RUNNING_MPC
72.66155242919922,457.6756591796875,RUNNING_MPC
70.09164428710938,459.8758544921875,RUNNING_MPC
66.24014282226562,463.1689453125,RUNNING_MPC
63.02861785888672,465.90911865234375,RUNNING_MPC
59.81057357788086,468.6511535644531,RUNNING_MPC
56.58364486694336,471.3990173339844,RUNNING_MPC
53.99473571777344,473.6037292480469,RUNNING_MPC
50.75065231323242,476.37030029296875,RUNNING_MPC
47.49910354614258,479.1470642089844,RUNNING_MPC
44.89409255981445,481.3731994628906,RUNNING_MPC
42.93873596191406,483.0436706542969,RUNNING_MPC
39.02350616455078,486.377685546875,RUNNING_MPC
35.75686264038086,489.14068603515625,RUNNING_MPC
33.14363098144531,491.3396911621094,RUNNING_MPC
30.53502655029297,493.5315246582031,RUNNING_MPC
27.286361694335938,496.26715087890625,RUNNING_MPC
24.69841957092285,498.4566650390625,RUNNING_MPC
21.47628402709961,501.19866943359375,RUNNING_MPC
18.905981063842773,503.3966369628906,RUNNING_MPC
16.338909149169922,505.59893798828125,RUNNING_MPC
13.128318786621094,508.3567810058594,RUNNING_MPC
9.909024238586426,511.11932373046875,RUNNING_MPC
6.67733097076416,513.88525390625,RUNNING_MPC
3.434046745300293,516.6549682617188,RUNNING_MPC
0.8321495056152344,518.8734741210938,RUNNING_MPC
-2.4250028133392334,521.6490478515625,RUNNING_MPC
-5.68397331237793,524.4259033203125,RUNNING_MPC
-8.288481712341309,526.6458740234375,RUNNING_MPC
-11.538671493530273,529.4176635742188,RUNNING_MPC
-14.781424522399902,532.1845092773438,RUNNING_MPC
-18.014928817749023,534.9448852539062,RUNNING_MPC
-20.5958194732666,537.1488647460938,RUNNING_MPC
-23.817209243774414,539.9000854492188,RUNNING_MPC
-25.74867820739746,541.5491333007812,RUNNING_MPC
-29.61138343811035,544.8464965820312,RUNNING_MPC
-32.8338623046875,547.59521484375,RUNNING_MPC
-35.416263580322266,549.7963256835938,RUNNING_MPC
-38.65116500854492,552.5515747070312,RUNNING_MPC
-41.8956298828125,555.3104248046875,RUNNING_MPC
-45.14826965332031,558.0729370117188,RUNNING_MPC
-47.1022834777832,559.7315063476562,RUNNING_MPC
-51.0121955871582,563.0503540039062,RUNNING_MPC
-54.26884460449219,565.8173217773438,RUNNING_MPC
-57.51934051513672,568.5836181640625,RUNNING_MPC
-60.76130676269531,571.347900390625,RUNNING_MPC
-63.99580001831055,574.109375,RUNNING_MPC
-66.5792465209961,576.3152465820312,RUNNING_MPC
-70.45053100585938,579.6173706054688,RUNNING_MPC
-73.67655944824219,582.3618774414062,RUNNING_MPC
-76.90559387207031,585.0989990234375,RUNNING_MPC
-80.13683319091797,587.8271484375,RUNNING_MPC
-83.36399841308594,590.5450439453125,RUNNING_MPC
-85.29429626464844,592.1697387695312,RUNNING_MPC
-89.1300048828125,595.3997192382812,RUNNING_MPC
-92.28993225097656,598.0650634765625,RUNNING_MPC
-95.40587615966797,600.6976318359375,RUNNING_MPC
-98.46995544433594,603.2897338867188,RUNNING_MPC
-101.4776611328125,605.834716796875,RUNNING_MPC
-104.42584991455078,608.3279418945312,RUNNING_MPC
-107.31462860107422,610.7649536132812,RUNNING_MPC
-109.02052307128906,612.1983642578125,RUNNING_MPC
-111.82125091552734,614.5347900390625,RUNNING_MPC
-115.11796569824219,617.2431640625,RUNNING_MPC
-117.81558227539062,619.4154052734375,RUNNING_MPC
-120.4697494506836,621.5073852539062,RUNNING_MPC
-123.08361053466797,623.52001953125,RUNNING_MPC
-125.66378021240234,625.4600830078125,RUNNING_MPC
-127.71060943603516,626.9661865234375,RUNNING_MPC
-130.25961303710938,628.8021240234375,RUNNING_MPC
-132.29989624023438,630.2388305664062,RUNNING_MPC
-134.86221313476562,631.9990844726562,RUNNING_MPC
-137.97000122070312,634.0612182617188,RUNNING_MPC
-140.0708465576172,635.4066162109375,RUNNING_MPC
-143.2790069580078,637.379150390625,RUNNING_MPC
-145.46484375,638.6586303710938,RUNNING_MPC
-148.82232666015625,640.51904296875,RUNNING_MPC
-151.11618041992188,641.7169189453125,RUNNING_MPC
-154.643310546875,643.4370727539062,RUNNING_MPC
-155.84039306640625,643.9871826171875,RUNNING_MPC
-159.49026489257812,645.5536499023438,RUNNING_MPC
-163.20838928222656,646.9750366210938,RUNNING_MPC
-165.71157836914062,647.83447265625,RUNNING_MPC
-169.4796600341797,648.9823608398438,RUNNING_MPC
-171.99032592773438,649.6509399414062,RUNNING_MPC
-175.1162109375,650.3682861328125,RUNNING_MPC
-176.9795684814453,650.7332763671875,RUNNING_MPC
-180.66705322265625,651.3150024414062,RUNNING_MPC
-184.29014587402344,651.7183837890625,RUNNING_MPC
-186.66720581054688,651.8917236328125,RUNNING_MPC
-190.16531372070312,652.0242919921875,RUNNING_MPC
-192.4514617919922,652.0374755859375,RUNNING_MPC
-195.25759887695312,651.9740600585938,RUNNING_MPC
-198.00128173828125,651.8152465820312,RUNNING_MPC
-199.0798797607422,651.72509765625,RUNNING_MPC
-202.24085998535156,651.3602294921875,RUNNING_MPC
-205.28466796875,650.8629760742188,RUNNING_MPC
-207.72567749023438,650.3510131835938,RUNNING_MPC
-210.0801544189453,649.76171875,RUNNING_MPC
-212.35494995117188,649.1033935546875,RUNNING_MPC
-214.56198120117188,648.3803100585938,RUNNING_MPC
-215.42892456054688,648.0723876953125,RUNNING_MPC
-218.8250274658203,646.7354736328125,RUNNING_MPC
-220.4884490966797,645.9998779296875,RUNNING_MPC
-222.13250732421875,645.2149047851562,RUNNING_MPC
-224.56517028808594,643.9348754882812,RUNNING_MPC
-226.16549682617188,643.007080078125,RUNNING_MPC
-228.53106689453125,641.494384765625,RUNNING_MPC
-230.0797576904297,640.4005126953125,RUNNING_MPC
-232.34523010253906,638.6299438476562,RUNNING_MPC
-233.44447326660156,637.685791015625,RUNNING_MPC
-235.5538787841797,635.6845092773438,RUNNING_MPC
-237.20176696777344,633.9102172851562,RUNNING_MPC
-238.4393310546875,632.4295654296875,RUNNING_MPC
-240.14895629882812,630.1173095703125,RUNNING_MPC
-240.6786346435547,629.3245239257812,RUNNING_MPC
-242.14930725097656,626.8855590820312,RUNNING_MPC
-243.4564971923828,624.3617553710938,RUNNING_MPC
-244.44094848632812,622.19482421875,RUNNING_MPC
-245.1695098876953,620.4219970703125,RUNNING_MPC
-245.85296630859375,618.613525390625,RUNNING_MPC
-246.798828125,615.831298828125,RUNNING_MPC
-247.38192749023438,613.9288330078125,RUNNING_MPC
-248.0609130859375,611.4953002929688,RUNNING_MPC
-248.4423828125,610.005126953125,RUNNING_MPC
-249.14634704589844,606.9541625976562,RUNNING_MPC
-249.67083740234375,604.3363647460938,RUNNING_MPC
-250.13665771484375,601.6491088867188,RUNNING_MPC
-250.61070251464844,598.3286743164062,RUNNING_MPC
-250.8711700439453,596.056640625,RUNNING_MPC
-251.08798217773438,593.7381591796875,RUNNING_MPC
-251.33900451660156,590.1832885742188,RUNNING_MPC
-251.49118041992188,587.1635131835938,RUNNING_MPC
-251.5648956298828,585.3357543945312,RUNNING_MPC
-251.6904754638672,581.6669921875,RUNNING_MPC
-251.80979919433594,578.0120239257812,RUNNING_MPC
-251.89515686035156,575.5989990234375,RUNNING_MPC
-252.04129028320312,572.0331420898438,RUNNING_MPC
-252.15460205078125,569.6991577148438,RUNNING_MPC
-252.21694946289062,568.5463256835938,RUNNING_MPC
-252.51063537597656,564.0344848632812,RUNNING_MPC
-252.68626403808594,561.83984375,RUNNING_MPC
-252.8824005126953,559.6834716796875,RUNNING_MPC
-253.2193145751953,556.5101318359375,RUNNING_MPC
-253.61602783203125,553.3848876953125,RUNNING_MPC
-253.920654296875,551.3173217773438,RUNNING_MPC
-254.26376342773438,549.257080078125,RUNNING_MPC
-254.8632354736328,546.17333984375,RUNNING_MPC
-255.0887908935547,545.1458740234375,RUNNING_MPC
-255.8533477783203,542.06103515625,RUNNING_MPC
-256.7692565917969,538.9763793945312,RUNNING_MPC
-257.66217041015625,536.40576171875,RUNNING_MPC
-258.6858825683594,533.8446655273438,RUNNING_MPC
-259.6063232421875,531.814208984375,RUNNING_MPC
-261.1590270996094,528.8267822265625,RUNNING_MPC
-262.30572509765625,526.8919677734375,RUNNING_MPC
-264.177734375,524.1009521484375,RUNNING_MPC
-265.1751403808594,522.7620849609375,RUNNING_MPC
-267.2688903808594,520.2080078125,RUNNING_MPC
-269.0965270996094,518.2074584960938,RUNNING_MPC
-270.6037902832031,516.6957397460938,RUNNING_MPC
-272.9263916015625,514.578369140625,RUNNING_MPC
-274.5096130371094,513.2654418945312,RUNNING_MPC
-276.92938232421875,511.4391784667969,RUNNING_MPC
-277.74755859375,510.86712646484375,RUNNING_MPC
-280.23583984375,509.2555236816406,RUNNING_MPC
-282.7818603515625,507.7923278808594,RUNNING_MPC
-284.5172424316406,506.8968505859375,RUNNING_MPC
-287.18603515625,505.6734924316406,RUNNING_MPC
-289.0137939453125,504.94097900390625,RUNNING_MPC
-291.8323059082031,503.9742736816406,RUNNING_MPC
-293.7620544433594,503.4248352050781,RUNNING_MPC
-295.72955322265625,502.9571228027344,RUNNING_MPC
-298.7374267578125,502.4210510253906,RUNNING_MPC
-300.7701721191406,502.1795959472656,RUNNING_MPC
-303.8373718261719,501.995849609375,RUNNING_MPC
-305.8824157714844,501.99334716796875,RUNNING_MPC
-308.93609619140625,502.1579895019531,RUNNING_MPC
-310.95916748046875,502.3746032714844,RUNNING_MPC
-312.97174072265625,502.6709289550781,RUNNING_MPC
-315.9778747558594,503.2605285644531,RUNNING_MPC
-317.9752197265625,503.7514343261719,RUNNING_MPC
-320.963134765625,504.6378479003906,RUNNING_MPC
-322.948486328125,505.3328552246094,RUNNING_MPC
-325.4158020019531,506.3225402832031,RUNNING_MPC
-327.8524475097656,507.4509582519531,RUNNING_MPC
-329.765625,508.4539489746094,RUNNING_MPC
-331.63763427734375,509.5414733886719,RUNNING_MPC
-333.90496826171875,511.0133056640625,RUNNING_MPC
-336.0809631347656,512.5970458984375,RUNNING_MPC
-338.1581115722656,514.2802734375,RUNNING_MPC
-339.3562927246094,515.3343505859375,RUNNING_MPC
-341.2751770019531,517.158447265625,RUNNING_MPC
-343.09857177734375,519.063720703125,RUNNING_MPC
-344.49090576171875,520.6473999023438,RUNNING_MPC
-345.8249816894531,522.2860107421875,RUNNING_MPC
-347.4085388183594,524.413818359375,RUNNING_MPC
-348.6066589355469,526.1827392578125,RUNNING_MPC
-350.0101623535156,528.4745483398438,RUNNING_MPC
-351.30194091796875,530.8512573242188,RUNNING_MPC
-352.4729919433594,533.3028564453125,RUNNING_MPC
-353.517333984375,535.8165283203125,RUNNING_MPC
-354.2576599121094,537.861328125,RUNNING_MPC
-355.0609436035156,540.4515380859375,RUNNING_MPC
-355.72711181640625,543.0673828125,RUNNING_MPC
-356.259765625,545.7025146484375,RUNNING_MPC
-356.594482421875,547.8235473632812,RUNNING_MPC
-356.9066467285156,550.4954223632812,RUNNING_MPC
-357.076171875,552.65234375,RUNNING_MPC
-357.17578125,554.8282470703125,RUNNING_MPC
-357.20709228515625,557.0245361328125,RUNNING_MPC
-357.1701354980469,559.2425537109375,RUNNING_MPC
-357.02935791015625,562.0492553710938,RUNNING_MPC
-356.8936767578125,563.7514038085938,RUNNING_MPC
-356.5753173828125,566.6153564453125,RUNNING_MPC
-356.2424011230469,568.9339599609375,RUNNING_MPC
-355.837646484375,571.2755126953125,RUNNING_MPC
-355.2325439453125,574.236572265625,RUNNING_MPC
-354.8194885253906,576.0320434570312,RUNNING_MPC
-354.046875,579.0560913085938,RUNNING_MPC
-353.53759765625,580.8894653320312,RUNNING_MPC
-352.41448974609375,584.5984497070312,RUNNING_MPC
-351.3800964355469,587.7333984375,RUNNING_MPC
-350.71685791015625,589.6340942382812,RUNNING_MPC
-349.3049621582031,593.4803466796875,RUNNING_MPC
-348.0445556640625,596.7327880859375,RUNNING_MPC
-346.70867919921875,600.0294189453125,RUNNING_MPC
-345.3057861328125,603.37451171875,RUNNING_MPC
-343.83917236328125,606.7679443359375,RUNNING_MPC
-342.3138122558594,610.211181640625,RUNNING_MPC
-341.05426025390625,613.0029907226562,RUNNING_MPC
-339.438232421875,616.5435180664062,RUNNING_MPC
-337.7831115722656,620.142822265625,RUNNING_MPC
-336.0931091308594,623.8005981445312,RUNNING_MPC
-334.7172546386719,626.7669067382812,RUNNING_MPC
-333.3214416503906,629.759765625,RUNNING_MPC
-331.9045104980469,632.7846069335938,RUNNING_MPC
-330.102294921875,636.5978393554688,RUNNING_MPC
-328.6360778808594,639.6687622070312,RUNNING_MPC
-327.52252197265625,641.9805908203125,RUNNING_MPC
-325.2633056640625,646.6160888671875,RUNNING_MPC
-323.73260498046875,649.7081298828125,RUNNING_MPC
-322.18609619140625,652.7953491210938,RUNNING_MPC
-320.6272277832031,655.8720703125,RUNNING_MPC
-318.66522216796875,659.6959228515625,RUNNING_MPC
-317.0872497558594,662.7329711914062,RUNNING_MPC
-315.8992919921875,664.9972534179688,RUNNING_MPC
-313.51025390625,669.4906616210938,RUNNING_MPC
-311.5035095214844,673.2028198242188,RUNNING_MPC
-309.4761657714844,676.890625,RUNNING_MPC
-307.8343811035156,679.8279418945312,RUNNING_MPC
-305.7514343261719,683.4894409179688,RUNNING_MPC
-303.6285095214844,687.14453125,RUNNING_MPC
-301.46075439453125,690.7960205078125,RUNNING_MPC
-299.24462890625,694.4434204101562,RUNNING_MPC
-297.4362487792969,697.3563842773438,RUNNING_MPC
-295.1344909667969,700.9874267578125,RUNNING_MPC
-292.7883605957031,704.5994262695312,RUNNING_MPC
-290.4049987792969,708.1838989257812,RUNNING_MPC
-287.9821472167969,711.7301635742188,RUNNING_MPC
-285.5203857421875,715.2318725585938,RUNNING_MPC
-284.0254821777344,717.3087158203125,RUNNING_MPC
-281.50347900390625,720.7308349609375,RUNNING_MPC
-278.9467468261719,724.1080322265625,RUNNING_MPC
-276.35614013671875,727.4461669921875,RUNNING_MPC
-273.7315979003906,730.75341796875,RUNNING_MPC
-272.1396789550781,732.7249755859375,RUNNING_MPC
-268.91259765625,736.6429443359375,RUNNING_MPC
-266.17236328125,739.8826904296875,RUNNING_MPC
-263.3793029785156,743.0962524414062,RUNNING_MPC
-260.5309753417969,746.281494140625,RUNNING_MPC
-258.210693359375,748.8015747070312,RUNNING_MPC
-254.6597137451172,752.5281372070312,RUNNING_MPC
-252.854736328125,754.3641357421875,RUNNING_MPC
-249.1928253173828,757.9765625,RUNNING_MPC
-246.08839416503906,760.9222412109375,RUNNING_MPC
-242.93565368652344,763.7999267578125,RUNNING_MPC
-241.0223388671875,765.4938354492188,RUNNING_MPC
-237.14627075195312,768.8086547851562,RUNNING_MPC
-233.86886596679688,771.4977416992188,RUNNING_MPC
-230.549072265625,774.1277465820312,RUNNING_MPC
-228.5369415283203,775.6795654296875,RUNNING_MPC
-224.46617126464844,778.729736328125,RUNNING_MPC
-221.02365112304688,781.216552734375,RUNNING_MPC
-217.5310516357422,783.648681640625,RUNNING_MPC
-213.9861602783203,786.0188598632812,RUNNING_MPC
-211.10751342773438,787.863037109375,RUNNING_MPC
-207.45619201660156,790.0958251953125,RUNNING_MPC
-203.7475128173828,792.2384033203125,RUNNING_MPC
-200.74220275878906,793.88427734375,RUNNING_MPC
-197.70553588867188,795.470947265625,RUNNING_MPC
-193.87083435058594,797.36474609375,RUNNING_MPC
-190.77667236328125,798.8123168945312,RUNNING_MPC
-186.8817138671875,800.5462036132812,RUNNING_MPC
-183.74966430664062,801.8836669921875,RUNNING_MPC
-180.6071014404297,803.1851196289062,RUNNING_MPC
-177.4559326171875,804.4554443359375,RUNNING_MPC
-174.2958984375,805.697509765625,RUNNING_MPC
-171.12612915039062,806.9113159179688,RUNNING_MPC
-167.94381713867188,808.0933227539062,RUNNING_MPC
-163.9457244873047,809.521484375,RUNNING_MPC
-160.7268829345703,810.6181030273438,RUNNING_MPC
-156.67637634277344,811.92578125,RUNNING_MPC
-153.41270446777344,812.9147338867188,RUNNING_MPC
-149.30601501464844,814.0782470703125,RUNNING_MPC
-146.0023651123047,814.95263671875,RUNNING_MPC
-142.68544006347656,815.7805786132812,RUNNING_MPC
-138.52581787109375,816.7632446289062,RUNNING_MPC
-135.1927032470703,817.5174560546875,RUNNING_MPC
-131.85821533203125,818.2500610351562,RUNNING_MPC
-128.52462768554688,818.965087890625,RUNNING_MPC
-124.35923767089844,819.8358154296875,RUNNING_MPC
-121.02762603759766,820.513671875,RUNNING_MPC
-117.69571685791016,821.1727294921875,RUNNING_MPC
-115.19596099853516,821.6534423828125,RUNNING_MPC
-111.8603286743164,822.2748413085938,RUNNING_MPC
-109.35589599609375,822.7260131835938,RUNNING_MPC
-106.01194763183594,823.3075561523438,RUNNING_MPC
-102.66143035888672,823.8666381835938,RUNNING_MPC
-100.14409637451172,824.2723999023438,RUNNING_MPC
-97.62294006347656,824.6676635742188,RUNNING_MPC
-93.41285705566406,825.3055419921875,RUNNING_MPC
-90.88258361816406,825.677978515625,RUNNING_MPC
-87.50530242919922,826.1639404296875,RUNNING_MPC
-84.12458038330078,826.6397705078125,RUNNING_MPC
-81.58804321289062,826.9906005859375,RUNNING_MPC
-78.20612335205078,827.4512329101562,RUNNING_MPC
-74.82542419433594,827.904541015625,RUNNING_MPC
-72.29127502441406,828.239990234375,RUNNING_MPC
-68.91508483886719,828.6822509765625,RUNNING_MPC
-66.38475799560547,829.0106811523438,RUNNING_MPC
-63.0133056640625,829.4446411132812,RUNNING_MPC
-59.64413070678711,829.8753662109375,RUNNING_MPC
-56.27659606933594,830.3035888671875,RUNNING_MPC
-53.751068115234375,830.6237182617188,RUNNING_MPC
-50.38288116455078,831.0503540039062,RUNNING_MPC
-47.013275146484375,831.4768676757812,RUNNING_MPC
-44.48476028442383,831.796630859375,RUNNING_MPC
-41.11093521118164,832.222900390625,RUNNING_MPC
-37.73438262939453,832.6497192382812,RUNNING_MPC
-35.199928283691406,832.9703979492188,RUNNING_MPC
-31.8178768157959,833.3965454101562,RUNNING_MPC
-28.434303283691406,833.8231201171875,RUNNING_MPC
-25.895973205566406,834.142333984375,RUNNING_MPC
-22.511415481567383,834.5678100585938,RUNNING_MPC
-19.974050521850586,834.8867797851562,RUNNING_MPC
-16.591577529907227,835.3098754882812,RUNNING_MPC
-13.211362838745117,835.7333984375,RUNNING_MPC
-10.678014755249023,836.0505981445312,RUNNING_MPC
-7.302741050720215,836.4730834960938,RUNNING_MPC
-3.9299914836883545,836.8952026367188,RUNNING_MPC
-0.5589128732681274,837.3178100585938,RUNNING_MPC
3.6541411876678467,837.8455810546875,RUNNING_MPC
6.181482315063477,838.1627197265625,RUNNING_MPC
9.551965713500977,838.583984375,RUNNING_MPC
12.923797607421875,839.0048828125,RUNNING_MPC
15.453696250915527,839.3207397460938,RUNNING_MPC
18.829734802246094,839.7401123046875,RUNNING_MPC
22.208242416381836,840.1585083007812,RUNNING_MPC
24.74331283569336,840.4724731445312,RUNNING_MPC
28.12557029724121,840.8904418945312,RUNNING_MPC
31.509296417236328,841.3073120117188,RUNNING_MPC
34.04707717895508,841.6192016601562,RUNNING_MPC
37.430137634277344,842.0355224609375,RUNNING_MPC
40.811927795410156,842.4512329101562,RUNNING_MPC
43.34720993041992,842.7632446289062,RUNNING_MPC
46.726131439208984,843.1783447265625,RUNNING_MPC
50.10314178466797,843.5921630859375,RUNNING_MPC
52.63486099243164,843.9024047851562,RUNNING_MPC
56.00914001464844,844.3148803710938,RUNNING_MPC
59.38201141357422,844.7262573242188,RUNNING_MPC
61.91143798828125,845.0340576171875,RUNNING_MPC
65.28437042236328,845.4426879882812,RUNNING_MPC
67.81487274169922,845.7485961914062,RUNNING_MPC
71.19005584716797,846.1558227539062,RUNNING_MPC
74.56719207763672,846.5621948242188,RUNNING_MPC
77.10147094726562,846.8661499023438,RUNNING_MPC
80.48249816894531,847.2710571289062,RUNNING_MPC
83.01896667480469,847.5740966796875,RUNNING_MPC
86.40178680419922,847.9768676757812,RUNNING_MPC
89.78548431396484,848.3781127929688,RUNNING_MPC
92.32362365722656,848.6790161132812,RUNNING_MPC
95.70738983154297,849.0791015625,RUNNING_MPC
98.24457550048828,849.37841796875,RUNNING_MPC
101.62578582763672,849.7767944335938,RUNNING_MPC
104.16100311279297,850.075439453125,RUNNING_MPC
107.54024505615234,850.4721069335938,RUNNING_MPC
110.07390594482422,850.7685546875,RUNNING_MPC
113.45125579833984,851.1624145507812,RUNNING_MPC
116.82774353027344,851.554443359375,RUNNING_MPC
120.203857421875,851.9447631835938,RUNNING_MPC
123.5809555053711,852.3336791992188,RUNNING_MPC
126.9586181640625,852.7207641601562,RUNNING_MPC
130.3375701904297,853.1061401367188,RUNNING_MPC
133.7181854248047,853.490234375,RUNNING_MPC
137.10025024414062,853.8729248046875,RUNNING_MPC
140.48373413085938,854.254638671875,RUNNING_MPC
143.02210998535156,854.5402221679688,RUNNING_MPC
145.56109619140625,854.8253173828125,RUNNING_MPC
148.9467315673828,855.2042236328125,RUNNING_MPC
151.48580932617188,855.4872436523438,RUNNING_MPC
154.02450561523438,855.7701416015625,RUNNING_MPC
157.4092559814453,856.1463012695312,RUNNING_MPC
159.94691467285156,856.427490234375,RUNNING_MPC
163.32931518554688,856.801025390625,RUNNING_MPC
165.86553955078125,857.0799560546875,RUNNING_MPC
168.4012908935547,857.3580932617188,RUNNING_MPC
171.78163146972656,857.7274780273438,RUNNING_MPC
174.31661987304688,858.00341796875,RUNNING_MPC
177.69644165039062,858.3700561523438,RUNNING_MPC
180.23153686523438,858.64404296875,RUNNING_MPC
183.6125946044922,859.0076904296875,RUNNING_MPC
186.99452209472656,859.369873046875,RUNNING_MPC
189.5316619873047,859.640869140625,RUNNING_MPC
192.91561889648438,860.001220703125,RUNNING_MPC
196.30032348632812,860.3599243164062,RUNNING_MPC
198.83872985839844,860.6278076171875,RUNNING_MPC
202.2220001220703,860.9833374023438,RUNNING_MPC
204.75706481933594,861.2483520507812,RUNNING_MPC
208.13050842285156,861.598388671875,RUNNING_MPC
211.49124145507812,861.9444580078125,RUNNING_MPC
214.83216857910156,862.2844848632812,RUNNING_MPC
217.31985473632812,862.534423828125,RUNNING_MPC
220.60667419433594,862.8577880859375,RUNNING_MPC
223.04562377929688,863.090576171875,RUNNING_MPC
226.25613403320312,863.3837280273438,RUNNING_MPC
229.4130096435547,863.6541748046875,RUNNING_MPC
232.51239013671875,863.8988647460938,RUNNING_MPC
234.7969207763672,864.0634765625,RUNNING_MPC
237.78724670410156,864.2557373046875,RUNNING_MPC
240.71278381347656,864.4155883789062,RUNNING_MPC
242.86428833007812,864.512451171875,RUNNING_MPC
245.67889404296875,864.6118774414062,RUNNING_MPC
248.43771362304688,864.6782836914062,RUNNING_MPC
251.15089416503906,864.7127685546875,RUNNING_MPC
253.83084106445312,864.7151489257812,RUNNING_MPC
256.48651123046875,864.683349609375,RUNNING_MPC
259.12469482421875,864.6183471679688,RUNNING_MPC
261.09600830078125,864.5474243164062,RUNNING_MPC
263.7194519042969,864.4210815429688,RUNNING_MPC
266.341796875,864.2559204101562,RUNNING_MPC
268.96734619140625,864.0494995117188,RUNNING_MPC
270.9406433105469,863.8655395507812,RUNNING_MPC
273.580078125,863.5796508789062,RUNNING_MPC
276.2312927246094,863.2448120117188,RUNNING_MPC
278.2283630371094,862.95849609375,RUNNING_MPC
280.9029235839844,862.5296020507812,RUNNING_MPC
283.59356689453125,862.0386352539062,RUNNING_MPC
285.6214599609375,861.6297607421875,RUNNING_MPC
288.336181640625,861.0234375,RUNNING_MPC
291.05682373046875,860.3455200195312,RUNNING_MPC
293.77508544921875,859.5936279296875,RUNNING_MPC
295.8055419921875,858.9788818359375,RUNNING_MPC
298.4957275390625,858.09521484375,RUNNING_MPC
301.15264892578125,857.1354370117188,RUNNING_MPC
303.76458740234375,856.0972290039062,RUNNING_MPC
306.3262023925781,854.9899291992188,RUNNING_MPC
308.21392822265625,854.11669921875,RUNNING_MPC
310.6827087402344,852.8912963867188,RUNNING_MPC
313.0942687988281,851.5999145507812,RUNNING_MPC
315.45623779296875,850.244384765625,RUNNING_MPC
317.1999816894531,849.1856689453125,RUNNING_MPC
319.4913024902344,847.7180786132812,RUNNING_MPC
321.743408203125,846.1821899414062,RUNNING_MPC
323.96148681640625,844.5792846679688,RUNNING_MPC
325.6039123535156,843.3331298828125,RUNNING_MPC
327.7666320800781,841.6124877929688,RUNNING_MPC
329.9000244140625,839.8236694335938,RUNNING_MPC
332.005615234375,837.9654541015625,RUNNING_MPC
333.56585693359375,836.5263061523438,RUNNING_MPC
335.6206970214844,834.545654296875,RUNNING_MPC
337.6460876464844,832.4926147460938,RUNNING_MPC
339.6403503417969,830.3661499023438,RUNNING_MPC
341.6025695800781,828.1665649414062,RUNNING_MPC
343.52996826171875,825.8901977539062,RUNNING_MPC
345.4239501953125,823.5393676757812,RUNNING_MPC
347.7409362792969,820.4965209960938,RUNNING_MPC
349.5539245605469,817.9793701171875,RUNNING_MPC
351.7686767578125,814.730712890625,RUNNING_MPC
353.5008239746094,812.0509033203125,RUNNING_MPC
355.19873046875,809.303955078125,RUNNING_MPC
356.8600769042969,806.487548828125,RUNNING_MPC
358.0837707519531,804.3336791992188,RUNNING_MPC
359.6839904785156,801.4087524414062,RUNNING_MPC
361.24755859375,798.4271850585938,RUNNING_MPC
362.7729187011719,795.3936767578125,RUNNING_MPC
364.26007080078125,792.3148193359375,RUNNING_MPC
365.7060852050781,789.1954345703125,RUNNING_MPC
367.1105651855469,786.0414428710938,RUNNING_MPC
368.47222900390625,782.8641357421875,RUNNING_MPC
369.46685791015625,780.4700317382812,RUNNING_MPC
371.07666015625,776.4710083007812,RUNNING_MPC
372.3258972167969,773.273681640625,RUNNING_MPC
373.5459289550781,770.0845947265625,RUNNING_MPC
374.74072265625,766.9063720703125,RUNNING_MPC
375.9134826660156,763.7393798828125,RUNNING_MPC
377.06646728515625,760.5802001953125,RUNNING_MPC
378.1983947753906,757.421875,RUNNING_MPC
379.3064880371094,754.2562255859375,RUNNING_MPC
380.1180725097656,751.8729248046875,RUNNING_MPC
381.1695251464844,748.6775512695312,RUNNING_MPC
382.1844787597656,745.4578247070312,RUNNING_MPC
383.1656188964844,742.2116088867188,RUNNING_MPC
384.1200256347656,738.9411010742188,RUNNING_MPC
385.05316162109375,735.6451416015625,RUNNING_MPC
385.97381591796875,732.330078125,RUNNING_MPC
386.8873596191406,729.003173828125,RUNNING_MPC
387.5700988769531,726.5047607421875,RUNNING_MPC
388.4771728515625,723.174072265625,RUNNING_MPC
389.37890625,719.849365234375,RUNNING_MPC
390.27252197265625,716.5357055664062,RUNNING_MPC
391.1549987792969,713.2363891601562,RUNNING_MPC
392.0237121582031,709.9518432617188,RUNNING_MPC
392.875732421875,706.6802978515625,RUNNING_MPC
393.7107849121094,703.4188232421875,RUNNING_MPC
394.7314453125,699.3482666015625,RUNNING_MPC
395.727294921875,695.2733154296875,RUNNING_MPC
396.70068359375,691.1842651367188,RUNNING_MPC
397.4656677246094,687.8973388671875,RUNNING_MPC
398.21966552734375,684.59326171875,RUNNING_MPC
398.9640808105469,681.2704467773438,RUNNING_MPC
399.6992492675781,677.9287109375,RUNNING_MPC
400.42486572265625,674.570556640625,RUNNING_MPC
401.1402587890625,671.2006225585938,RUNNING_MPC
401.84466552734375,667.824462890625,RUNNING_MPC
402.5369567871094,664.4481201171875,RUNNING_MPC
403.2161560058594,661.076171875,RUNNING_MPC
403.71673583984375,658.5535278320312,RUNNING_MPC
404.53424072265625,654.3650512695312,RUNNING_MPC
405.1730651855469,651.029541015625,RUNNING_MPC
405.79833984375,647.7069702148438,RUNNING_MPC
406.4107666015625,644.3942260742188,RUNNING_MPC
406.8620300292969,641.9131469726562,RUNNING_MPC
407.45367431640625,638.6052856445312,RUNNING_MPC
408.0340270996094,635.2921142578125,RUNNING_MPC
408.6032409667969,631.9692993164062,RUNNING_MPC
409.161865234375,628.6322021484375,RUNNING_MPC
409.7096252441406,625.2780151367188,RUNNING_MPC
410.24615478515625,621.90625,RUNNING_MPC
410.7706298828125,618.517578125,RUNNING_MPC
411.1555480957031,615.9671630859375,RUNNING_MPC
411.6573791503906,612.5588989257812,RUNNING_MPC
412.146484375,609.146728515625,RUNNING_MPC
412.6231689453125,605.736572265625,RUNNING_MPC
413.0885314941406,602.3336791992188,RUNNING_MPC
413.54498291015625,598.9428100585938,RUNNING_MPC
413.9951477050781,595.5662841796875,RUNNING_MPC
414.4411315917969,592.2048950195312,RUNNING_MPC
414.8828125,588.8564453125,RUNNING_MPC
415.319091796875,585.5170288085938,RUNNING_MPC
415.6412048339844,583.0152587890625,RUNNING_MPC
416.0615539550781,579.6784057617188,RUNNING_MPC
416.46868896484375,576.3350830078125,RUNNING_MPC
416.8591003417969,572.9802856445312,RUNNING_MPC
417.32342529296875,568.764892578125,RUNNING_MPC
417.76483154296875,564.522705078125,RUNNING_MPC
418.1052551269531,561.111328125,RUNNING_MPC
418.52191162109375,556.8314819335938,RUNNING_MPC
418.85064697265625,553.3993530273438,RUNNING_MPC
419.2599182128906,549.10888671875,RUNNING_MPC
419.5856018066406,545.68359375,RUNNING_MPC
419.98834228515625,541.4175415039062,RUNNING_MPC
420.3846740722656,537.1732788085938,RUNNING_MPC
420.77154541015625,532.9529418945312,RUNNING_MPC
421.0726318359375,529.5904541015625,RUNNING_MPC
421.4380798339844,525.3993530273438,RUNNING_MPC
421.7926025390625,521.212890625,RUNNING_MPC
422.1374206542969,517.0226440429688,RUNNING_MPC
422.4735412597656,512.8178100585938,RUNNING_MPC
422.8036193847656,508.5917053222656,RUNNING_MPC
423.1304931640625,504.34295654296875,RUNNING_MPC
423.3883972167969,500.9269104003906,RUNNING_MPC
423.7718505859375,495.78448486328125,RUNNING_MPC
424.0262451171875,492.3489685058594,RUNNING_MPC
424.3426208496094,488.0566711425781,RUNNING_MPC
424.6575012207031,483.7741394042969,RUNNING_MPC
424.9703063964844,479.50872802734375,RUNNING_MPC
425.2808837890625,475.264404296875,RUNNING_MPC
425.5894775390625,471.0406494140625,RUNNING_MPC
425.89544677734375,466.83392333984375,RUNNING_MPC
426.1385498046875,463.47613525390625,RUNNING_MPC
426.4393310546875,459.2812805175781,RUNNING_MPC
426.6795654296875,455.9224548339844,RUNNING_MPC
426.9800720214844,451.7127685546875,RUNNING_MPC
427.2833251953125,447.4854736328125,RUNNING_MPC
427.5943298339844,443.23779296875,RUNNING_MPC
427.8528137207031,439.8263854980469,RUNNING_MPC
428.05487060546875,437.26214599609375,RUNNING_MPC
428.4856262207031,432.1252136230469,RUNNING_MPC
428.7957763671875,428.6993713378906,RUNNING_MPC
429.12548828125,425.27874755859375,RUNNING_MPC
429.5661315917969,421.0164794921875,RUNNING_MPC
429.9420166015625,417.6212158203125,RUNNING_MPC
430.439453125,413.3977966308594,RUNNING_MPC
430.8599548339844,410.0346374511719,RUNNING_MPC
431.41497802734375,405.84808349609375,RUNNING_MPC
431.8844909667969,402.5092468261719,RUNNING_MPC
432.50616455078125,398.3426818847656,RUNNING_MPC
432.89990234375,395.8434143066406,RUNNING_MPC
433.7390441894531,390.84222412109375,RUNNING_MPC
434.5017395019531,386.6673889160156,RUNNING_MPC
435.3277893066406,382.4856262207031,RUNNING_MPC
436.22509765625,378.3005676269531,RUNNING_MPC
437.1946716308594,374.1188659667969,RUNNING_MPC
438.24072265625,369.9485778808594,RUNNING_MPC
439.13079833984375,366.626708984375,RUNNING_MPC
440.31201171875,362.50042724609375,RUNNING_MPC
441.56646728515625,358.4111633300781,RUNNING_MPC
442.8934631347656,354.3682861328125,RUNNING_MPC
444.0094299316406,351.17535400390625,RUNNING_MPC
445.47662353515625,347.24517822265625,RUNNING_MPC
446.71014404296875,344.15777587890625,RUNNING_MPC
447.99468994140625,341.12835693359375,RUNNING_MPC
449.3197937011719,338.1575012207031,RUNNING_MPC
451.0162658691406,334.5290832519531,RUNNING_MPC
452.3875732421875,331.6923828125,RUNNING_MPC
454.089599609375,328.221435546875,RUNNING_MPC
455.42510986328125,325.4997253417969,RUNNING_MPC
456.7298583984375,322.8260498046875,RUNNING_MPC
458.3160400390625,319.55181884765625,RUNNING_MPC
459.55224609375,316.98309326171875,RUNNING_MPC
460.7629089355469,314.4538879394531,RUNNING_MPC
462.2463684082031,311.33489990234375,RUNNING_MPC
463.7038879394531,308.244873046875,RUNNING_MPC
465.1374816894531,305.1668701171875,RUNNING_MPC
466.2674865722656,302.7040100097656,RUNNING_MPC
467.65863037109375,299.6137390136719,RUNNING_MPC
468.7527770996094,297.1260986328125,RUNNING_MPC
470.3612060546875,293.3567199707031,RUNNING_MPC
471.1483154296875,291.45025634765625,RUNNING_MPC
472.68060302734375,287.58343505859375,RUNNING_MPC
473.9054260253906,284.2986145019531,RUNNING_MPC
474.8436584472656,281.6255187988281,RUNNING_MPC
475.7353515625,278.9093017578125,RUNNING_MPC
476.9684143066406,274.75750732421875,RUNNING_MPC
477.5320129394531,272.65216064453125,RUNNING_MPC
478.5331115722656,268.3960266113281,RUNNING_MPC
478.9661560058594,266.2527770996094,RUNNING_MPC
479.57958984375,262.6707458496094,RUNNING_MPC
480.0515441894531,259.09039306640625,RUNNING_MPC
480.32513427734375,256.23681640625,RUNNING_MPC
480.5137023925781,253.39471435546875,RUNNING_MPC
480.6225280761719,249.8605194091797,RUNNING_MPC
480.6159362792969,247.0423126220703,RUNNING_MPC
480.5631103515625,244.93014526367188,RUNNING_MPC
480.3409118652344,240.7034454345703,RUNNING_MPC
480.1165466308594,237.8793487548828,RUNNING_MPC
479.83441162109375,235.04635620117188,RUNNING_MPC
479.3994140625,231.48753356933594,RUNNING_MPC
479.0953063964844,229.3413848876953,RUNNING_MPC
478.3854675292969,225.0242919921875,RUNNING_MPC
477.8357849121094,222.12548828125,RUNNING_MPC
477.0666198730469,218.47593688964844,RUNNING_MPC
476.38824462890625,215.53424072265625,RUNNING_MPC
475.46795654296875,211.8261260986328,RUNNING_MPC
474.4752197265625,208.0806427001953,RUNNING_MPC
473.4163513183594,204.29464721679688,RUNNING_MPC
472.5260925292969,201.2340545654297,RUNNING_MPC
471.3621520996094,197.3681640625,RUNNING_MPC
470.39447021484375,194.24769592285156,RUNNING_MPC
469.1369323730469,190.3192596435547,RUNNING_MPC
468.10577392578125,187.16310119628906,RUNNING_MPC
467.061279296875,184.00233459472656,RUNNING_MPC
465.7584533691406,180.0576171875,RUNNING_MPC
464.7340393066406,176.91616821289062,RUNNING_MPC
463.4908142089844,173.0183563232422,RUNNING_MPC
463.0079650878906,171.47052001953125,RUNNING_MPC
461.6134338378906,166.8759002685547,RUNNING_MPC
460.94683837890625,164.60861206054688,RUNNING_MPC
459.88775634765625,160.8770294189453,RUNNING_MPC
459.2830810546875,158.66815185546875,RUNNING_MPC
458.3276062011719,155.0370330810547,RUNNING_MPC
457.44195556640625,151.46939086914062,RUNNING_MPC
456.6315002441406,147.96640014648438,RUNNING_MPC
455.9017333984375,144.52960205078125,RUNNING_MPC
455.3811950683594,141.8288116455078,RUNNING_MPC
454.8141174316406,138.516845703125,RUNNING_MPC
454.4283447265625,135.91995239257812,RUNNING_MPC
453.9602355957031,132.1071014404297,RUNNING_MPC
453.71685791015625,129.61376953125,RUNNING_MPC
453.4796447753906,126.53658294677734,RUNNING_MPC
453.3098449707031,123.48700714111328,RUNNING_MPC
453.2229309082031,121.05831146240234,RUNNING_MPC
453.17376708984375,118.02735900878906,RUNNING_MPC
453.1902770996094,115.59964752197266,RUNNING_MPC
453.2867431640625,112.556396484375,RUNNING_MPC
453.4781188964844,109.49797821044922,RUNNING_MPC
453.70599365234375,107.03683471679688,RUNNING_MPC
454.0068664550781,104.56233978271484,RUNNING_MPC
454.4926452636719,101.44991302490234,RUNNING_MPC
454.9749755859375,98.94550323486328,RUNNING_MPC
455.542724609375,96.43292999267578,RUNNING_MPC
456.3826599121094,93.28771209716797,RUNNING_MPC
457.1630859375,90.78313446044922,RUNNING_MPC
458.0404968261719,88.29875946044922,RUNNING_MPC
459.0124816894531,85.84748840332031,RUNNING_MPC
460.3488464355469,82.83851623535156,RUNNING_MPC
461.2095642089844,81.06970977783203,RUNNING_MPC
463.0444030761719,77.60986328125,RUNNING_MPC
464.6620178222656,74.80406188964844,RUNNING_MPC
465.99359130859375,72.60372161865234,RUNNING_MPC
467.68212890625,69.89871215820312,RUNNING_MPC
469.3833923339844,67.23431396484375,RUNNING_MPC
470.7464599609375,65.12862396240234,RUNNING_MPC
472.4481201171875,62.523193359375,RUNNING_MPC
474.1501159667969,59.941429138183594,RUNNING_MPC
475.51580810546875,57.88873291015625,RUNNING_MPC
477.2330322265625,55.33252716064453,RUNNING_MPC
478.27044677734375,53.80088806152344,RUNNING_MPC
480.3625183105469,50.73424530029297,RUNNING_MPC
481.41717529296875,49.19540786743164,RUNNING_MPC
483.1836853027344,46.61790084838867,RUNNING_MPC
484.2457580566406,45.06207275390625,RUNNING_MPC
486.36273193359375,41.92634582519531,RUNNING_MPC
487.7592468261719,39.81737518310547,RUNNING_MPC
489.13580322265625,37.69398880004883,RUNNING_MPC
490.8170166015625,35.0195198059082,RUNNING_MPC
492.12115478515625,32.86404800415039,RUNNING_MPC
493.3829040527344,30.6948184967041,RUNNING_MPC
494.8937683105469,27.963186264038086,RUNNING_MPC
496.04534912109375,25.75864028930664,RUNNING_MPC
496.8739013671875,24.092092514038086,RUNNING_MPC
498.1832275390625,21.28640365600586,RUNNING_MPC
499.1639404296875,19.013513565063477,RUNNING_MPC
500.30126953125,16.13185691833496,RUNNING_MPC
500.9317321777344,14.378942489624023,RUNNING_MPC
502.0677185058594,10.817127227783203,RUNNING_MPC
502.7185363769531,8.404321670532227,RUNNING_MPC
503.4067077636719,5.354195594787598,RUNNING_MPC
503.95989990234375,2.278273344039917,RUNNING_MPC
504.22515869140625,0.4271257221698761,RUNNING_MPC
504.6179504394531,-3.2750322818756104,RUNNING_MPC
504.7864074707031,-5.735541820526123,RUNNING_MPC
504.8864440917969,-8.184901237487793,RUNNING_MPC
504.91943359375,-11.230514526367188,RUNNING_MPC
504.871826171875,-13.654939651489258,RUNNING_MPC
504.7564392089844,-16.069780349731445,RUNNING_MPC
504.5696105957031,-18.479862213134766,RUNNING_MPC
504.3074951171875,-20.88705825805664,RUNNING_MPC
503.96435546875,-23.291810989379883,RUNNING_MPC
503.53326416015625,-25.695091247558594,RUNNING_MPC
502.8654479980469,-28.698156356811523,RUNNING_MPC
502.224609375,-31.098161697387695,RUNNING_MPC
501.4879150390625,-33.494380950927734,RUNNING_MPC
500.4334716796875,-36.4769172668457,RUNNING_MPC
499.488037109375,-38.84792709350586,RUNNING_MPC
498.7176208496094,-40.61371612548828,RUNNING_MPC
497.0252380371094,-44.09493637084961,RUNNING_MPC
495.46783447265625,-46.93213653564453,RUNNING_MPC
494.13336181640625,-49.15117263793945,RUNNING_MPC
492.3678894042969,-51.860145568847656,RUNNING_MPC
490.5012512207031,-54.50147247314453,RUNNING_MPC
488.5426025390625,-57.083518981933594,RUNNING_MPC
486.4978332519531,-59.61988067626953,RUNNING_MPC
485.2317199707031,-61.12586212158203,RUNNING_MPC
482.6120910644531,-64.10636138916016,RUNNING_MPC
480.3345642089844,-66.55840301513672,RUNNING_MPC
478.44915771484375,-68.49996185302734,RUNNING_MPC
476.00433349609375,-70.89649200439453,RUNNING_MPC
473.97479248046875,-72.78942108154297,RUNNING_MPC
471.3475341796875,-75.12310028076172,RUNNING_MPC
468.6135559082031,-77.42073822021484,RUNNING_MPC
466.3551940917969,-79.23544311523438,RUNNING_MPC
463.4440002441406,-81.47567749023438,RUNNING_MPC
461.05084228515625,-83.25419616699219,RUNNING_MPC
458.60595703125,-85.02760314941406,RUNNING_MPC
455.4812927246094,-87.24624633789062,RUNNING_MPC
452.927490234375,-89.02761840820312,RUNNING_MPC
450.32904052734375,-90.81629943847656,RUNNING_MPC
447.0177001953125,-93.06327819824219,RUNNING_MPC
444.31866455078125,-94.869140625,RUNNING_MPC
441.5765075683594,-96.68257904052734,RUNNING_MPC
438.7994384765625,-98.50642395019531,RUNNING_MPC
434.5747985839844,-101.26301574707031,RUNNING_MPC
431.022216796875,-103.5953369140625,RUNNING_MPC
427.46417236328125,-105.96733093261719,RUNNING_MPC
424.6280517578125,-107.89510345458984,RUNNING_MPC
421.11346435546875,-110.3388442993164,RUNNING_MPC
417.64874267578125,-112.81973266601562,RUNNING_MPC
414.2441711425781,-115.32930755615234,RUNNING_MPC
411.5686950683594,-117.35753631591797,RUNNING_MPC
408.2889709472656,-119.92282104492188,RUNNING_MPC
405.0813903808594,-122.53085327148438,RUNNING_MPC
401.9418640136719,-125.19332122802734,RUNNING_MPC
398.87237548828125,-127.92583465576172,RUNNING_MPC
396.4655456542969,-130.1718292236328,RUNNING_MPC
393.5248107910156,-133.0657501220703,RUNNING_MPC
391.2252502441406,-135.454345703125,RUNNING_MPC
388.41943359375,-138.5365753173828,RUNNING_MPC
386.2274475097656,-141.07801818847656,RUNNING_MPC
384.0770263671875,-143.68528747558594,RUNNING_MPC
381.9651794433594,-146.35723876953125,RUNNING_MPC
379.8885803222656,-149.08651733398438,RUNNING_MPC
377.34423828125,-152.57249450683594,RUNNING_MPC
375.3509826660156,-155.41262817382812,RUNNING_MPC
373.400390625,-158.28958129882812,RUNNING_MPC
371.0235900878906,-161.92330932617188,RUNNING_MPC
368.7209167480469,-165.58560180664062,RUNNING_MPC
366.4940185546875,-169.26077270507812,RUNNING_MPC
364.3349914550781,-172.93785095214844,RUNNING_MPC
362.6487731933594,-175.87599182128906,RUNNING_MPC
360.1674499511719,-180.2734375,RUNNING_MPC
358.1242370605469,-183.9307403564453,RUNNING_MPC
356.9037780761719,-186.12538146972656,RUNNING_MPC
354.4749450683594,-190.52841186523438,RUNNING_MPC
352.4655456542969,-194.22344970703125,RUNNING_MPC
350.4707336425781,-197.94964599609375,RUNNING_MPC
348.8841247558594,-200.9579315185547,RUNNING_MPC
346.51409912109375,-205.51026916503906,RUNNING_MPC
344.9362487792969,-208.56494140625,RUNNING_MPC
342.96405029296875,-212.39645385742188,RUNNING_MPC
341.385498046875,-215.46560668945312,RUNNING_MPC
339.4162292480469,-219.2971954345703,RUNNING_MPC
337.4541320800781,-223.11642456054688,RUNNING_MPC
335.89202880859375,-226.16009521484375,RUNNING_MPC
334.3388671875,-229.1915740966797,RUNNING_MPC
332.7947082519531,-232.2115020751953,RUNNING_MPC
330.8757019042969,-235.9731903076172,RUNNING_MPC
329.3472900390625,-238.97572326660156,RUNNING_MPC
327.44097900390625,-242.72653198242188,RUNNING_MPC
325.9154357910156,-245.73060607910156,RUNNING_MPC
324.3878479003906,-248.74166870117188,RUNNING_MPC
322.4720458984375,-252.5198516845703,RUNNING_MPC
320.5481872558594,-256.3171691894531,RUNNING_MPC
319.00396728515625,-259.3688659667969,RUNNING_MPC
317.0692138671875,-263.1977233886719,RUNNING_MPC
315.13287353515625,-267.03753662109375,RUNNING_MPC
313.58612060546875,-270.112060546875,RUNNING_MPC
311.6589050292969,-273.9529724121094,RUNNING_MPC
309.7425537109375,-277.7849426269531,RUNNING_MPC
308.2180480957031,-280.8406066894531,RUNNING_MPC
305.9459228515625,-285.4053039550781,RUNNING_MPC
304.0623474121094,-289.1936950683594,RUNNING_MPC
302.18505859375,-292.9718017578125,RUNNING_MPC
300.309326171875,-296.7453308105469,RUNNING_MPC
299.1830749511719,-299.00982666015625,RUNNING_MPC
297.30328369140625,-302.7886047363281,RUNNING_MPC
295.4174499511719,-306.5787048339844,RUNNING_MPC
293.5251770019531,-310.3834228515625,RUNNING_MPC
292.00701904296875,-313.43878173828125,RUNNING_MPC
290.1047668457031,-317.2712707519531,RUNNING_MPC
288.58123779296875,-320.3451232910156,RUNNING_MPC
287.0585021972656,-323.4231872558594,RUNNING_MPC
285.9179382324219,-325.7320556640625,RUNNING_MPC
283.6421813964844,-330.3463134765625,RUNNING_MPC
282.13055419921875,-333.41497802734375,RUNNING_MPC
280.2477722167969,-337.23956298828125,RUNNING_MPC
278.7469787597656,-340.28973388671875,RUNNING_MPC
276.877197265625,-344.09173583984375,RUNNING_MPC
275.01373291015625,-347.8857727050781,RUNNING_MPC
273.5257873535156,-350.91900634765625,RUNNING_MPC
271.29632568359375,-355.4708557128906,RUNNING_MPC
269.4371032714844,-359.2716369628906,RUNNING_MPC
267.5736389160156,-363.0830383300781,RUNNING_MPC
266.0794372558594,-366.1405334472656,RUNNING_MPC
264.20751953125,-369.9734802246094,RUNNING_MPC
261.95458984375,-374.5859680175781,RUNNING_MPC
260.0743408203125,-378.435302734375,RUNNING_MPC
258.5704650878906,-381.5148620605469,RUNNING_MPC
256.3189697265625,-386.12933349609375,RUNNING_MPC
254.82228088378906,-389.1999816894531,RUNNING_MPC
253.3295440673828,-392.2648010253906,RUNNING_MPC
251.097900390625,-396.8503112792969,RUNNING_MPC
249.61422729492188,-399.9002990722656,RUNNING_MPC
247.76255798339844,-403.70721435546875,RUNNING_MPC
246.28182983398438,-406.7506408691406,RUNNING_MPC
244.4295654296875,-410.5556945800781,RUNNING_MPC
242.57359313964844,-414.36456298828125,RUNNING_MPC
241.085693359375,-417.4165954589844,RUNNING_MPC
239.22189331054688,-421.23944091796875,RUNNING_MPC
237.72642517089844,-424.3035583496094,RUNNING_MPC
235.85267639160156,-428.1398010253906,RUNNING_MPC
233.9744873046875,-431.9803466796875,RUNNING_MPC
231.7191925048828,-436.58978271484375,RUNNING_MPC
230.2168731689453,-439.6609191894531,RUNNING_MPC
227.9686737060547,-444.26220703125,RUNNING_MPC
226.47378540039062,-447.3246765136719,RUNNING_MPC
224.6095428466797,-451.14556884765625,RUNNING_MPC
222.74923706054688,-454.9600830078125,RUNNING_MPC
221.2626953125,-458.0084533691406,RUNNING_MPC
219.03404235839844,-462.57843017578125,RUNNING_MPC
217.54751586914062,-465.6250305175781,RUNNING_MPC
215.314453125,-470.1988220214844,RUNNING_MPC
213.82298278808594,-473.25201416015625,RUNNING_MPC
211.95510864257812,-477.0743103027344,RUNNING_MPC
210.08370971679688,-480.90277099609375,RUNNING_MPC
208.5845489501953,-483.9691162109375,RUNNING_MPC
206.333251953125,-488.5715637207031,RUNNING_MPC
204.83164978027344,-491.6398010253906,RUNNING_MPC
202.58042907714844,-496.23876953125,RUNNING_MPC
201.08059692382812,-499.30084228515625,RUNNING_MPC
199.20697021484375,-503.1227722167969,RUNNING_MPC
197.33477783203125,-506.93798828125,RUNNING_MPC
195.83767700195312,-509.9864196777344,RUNNING_MPC
193.59136962890625,-514.553955078125,RUNNING_MPC
192.09222412109375,-517.5972900390625,RUNNING_MPC
190.5911102294922,-520.6407470703125,RUNNING_MPC
188.335205078125,-525.2080078125,RUNNING_MPC
186.45069885253906,-529.0180053710938,RUNNING_MPC
184.56161499023438,-532.832275390625,RUNNING_MPC
183.04722595214844,-535.8862915039062,RUNNING_MPC
180.77110290527344,-540.469970703125,RUNNING_MPC
179.6312255859375,-542.7625122070312,RUNNING_MPC
177.72970581054688,-546.5824584960938,RUNNING_MPC
175.44691467285156,-551.162353515625,RUNNING_MPC
173.9248809814453,-554.2120361328125,RUNNING_MPC
171.6422576904297,-558.7800903320312,RUNNING_MPC
170.12095642089844,-561.8212280273438,RUNNING_MPC
167.83970642089844,-566.3773803710938,RUNNING_MPC
166.317626953125,-569.4122314453125,RUNNING_MPC
164.41360473632812,-573.2039184570312,RUNNING_MPC
162.50697326660156,-576.9945678710938,RUNNING_MPC
160.97764587402344,-580.0270385742188,RUNNING_MPC
159.0607452392578,-583.8187866210938,RUNNING_MPC
157.1370849609375,-587.6122436523438,RUNNING_MPC
154.82179260253906,-592.1677856445312,RUNNING_MPC
153.27520751953125,-595.2061157226562,RUNNING_MPC
151.33941650390625,-599.004638671875,RUNNING_MPC
149.4024658203125,-602.8031616210938,RUNNING_MPC
147.85256958007812,-605.840087890625,RUNNING_MPC
145.52842712402344,-610.3921508789062,RUNNING_MPC
143.9792938232422,-613.4237060546875,RUNNING_MPC
141.65501403808594,-617.965087890625,RUNNING_MPC
140.10423278808594,-620.9890747070312,RUNNING_MPC
138.1645050048828,-624.7664184570312,RUNNING_MPC
136.22152709960938,-628.5404052734375,RUNNING_MPC
135.44342041015625,-630.049560546875,RUNNING_MPC
133.104248046875,-634.5751953125,RUNNING_MPC
130.7570037841797,-639.1010131835938,RUNNING_MPC
128.40023803710938,-643.6278686523438,RUNNING_MPC
126.8255615234375,-646.6459350585938,RUNNING_MPC
125.2457504272461,-649.66357421875,RUNNING_MPC
122.86893463134766,-654.1901245117188,RUNNING_MPC
122.07492065429688,-655.698486328125,RUNNING_MPC
118.89038848876953,-661.7271118164062,RUNNING_MPC
117.29336547851562,-664.7369384765625,RUNNING_MPC
115.69395446777344,-667.7431640625,RUNNING_MPC
113.28927612304688,-672.2457885742188,RUNNING_MPC
111.68168640136719,-675.2427368164062,RUNNING_MPC
109.26387786865234,-679.7318725585938,RUNNING_MPC
107.64754486083984,-682.720947265625,RUNNING_MPC
105.21665954589844,-687.1990356445312,RUNNING_MPC
103.58956909179688,-690.1821899414062,RUNNING_MPC
101.13890075683594,-694.6548461914062,RUNNING_MPC
99.49896240234375,-697.6353759765625,RUNNING_MPC
97.85359954833984,-700.6141967773438,RUNNING_MPC
95.37635803222656,-705.0818481445312,RUNNING_MPC
93.71885681152344,-708.0587158203125,RUNNING_MPC
91.22396087646484,-712.5205078125,RUNNING_MPC
89.55497741699219,-715.4915161132812,RUNNING_MPC
87.46035766601562,-719.2000732421875,RUNNING_MPC
85.3583984375,-722.9013061523438,RUNNING_MPC
83.668212890625,-725.8551635742188,RUNNING_MPC
81.12046813964844,-730.2760009765625,RUNNING_MPC
79.41384887695312,-733.2166748046875,RUNNING_MPC
76.83818817138672,-737.6172485351562,RUNNING_MPC
75.11016082763672,-740.54443359375,RUNNING_MPC
72.93840026855469,-744.1967163085938,RUNNING_MPC
71.6273193359375,-746.3834838867188,RUNNING_MPC
68.98674011230469,-750.7471923828125,RUNNING_MPC
66.31825256347656,-755.098876953125,RUNNING_MPC
64.52406311035156,-757.9901123046875,RUNNING_MPC
61.81052780151367,-762.3106689453125,RUNNING_MPC
59.98820114135742,-765.1770629882812,RUNNING_MPC
57.69984817504883,-768.73779296875,RUNNING_MPC
55.404911041259766,-772.26708984375,RUNNING_MPC
54.48775863647461,-773.6677856445312,RUNNING_MPC
51.74229049682617,-777.8240356445312,RUNNING_MPC
49.019412994384766,-781.9015502929688,RUNNING_MPC
46.77424240112305,-785.2293701171875,RUNNING_MPC
44.55025863647461,-788.4838256835938,RUNNING_MPC
42.78343200683594,-791.0291137695312,RUNNING_MPC
40.14867401123047,-794.7416381835938,RUNNING_MPC
39.27366256713867,-795.9501953125,RUNNING_MPC
35.79024124145508,-800.6343383789062,RUNNING_MPC
34.058780670166016,-802.8853759765625,RUNNING_MPC
32.33670425415039,-805.0762329101562,RUNNING_MPC
29.774003982543945,-808.2527465820312,RUNNING_MPC
28.08074378967285,-810.2996215820312,RUNNING_MPC
25.561716079711914,-813.2708129882812,RUNNING_MPC
23.893138885498047,-815.19140625,RUNNING_MPC
21.396282196044922,-817.9901123046875,RUNNING_MPC
20.14472007751465,-819.359130859375,RUNNING_MPC
17.617136001586914,-822.0426635742188,RUNNING_MPC
15.475339889526367,-824.229736328125,RUNNING_MPC
13.730875015258789,-825.949951171875,RUNNING_MPC
11.05019474029541,-828.4844970703125,RUNNING_MPC
9.213465690612793,-830.1424560546875,RUNNING_MPC
6.371866703033447,-832.5797729492188,RUNNING_MPC
4.415449619293213,-834.1708374023438,RUNNING_MPC
2.409623861312866,-835.7303466796875,RUNNING_MPC
0.3586007356643677,-837.2547607421875,RUNNING_MPC
-2.7983109951019287,-839.465087890625,RUNNING_MPC
-6.030635833740234,-841.5740356445312,RUNNING_MPC
-8.216527938842773,-842.917724609375,RUNNING_MPC
-10.420706748962402,-844.2076416015625,RUNNING_MPC
-13.753026962280273,-846.0405883789062,RUNNING_MPC
-15.989529609680176,-847.1903076171875,RUNNING_MPC
-19.37534523010254,-848.7916259765625,RUNNING_MPC
-21.656286239624023,-849.7665405273438,RUNNING_MPC
-23.957828521728516,-850.6638793945312,RUNNING_MPC
-27.448726654052734,-851.8603515625,RUNNING_MPC
-30.982601165771484,-852.8839111328125,RUNNING_MPC
-33.35768127441406,-853.4771118164062,RUNNING_MPC
-35.745479583740234,-854.00390625,RUNNING_MPC
-39.34649658203125,-854.6780395507812,RUNNING_MPC
-40.5515022277832,-854.8722534179688,RUNNING_MPC
-44.17844009399414,-855.3684692382812,RUNNING_MPC
-47.81816482543945,-855.7286376953125,RUNNING_MPC
-51.46522521972656,-855.9515991210938,RUNNING_MPC
-53.9003791809082,-856.0239868164062,RUNNING_MPC
-56.33719253540039,-856.0302734375,RUNNING_MPC
-59.9882926940918,-855.9102172851562,RUNNING_MPC
-61.20382308959961,-855.8343505859375,RUNNING_MPC
-66.055908203125,-855.3406982421875,RUNNING_MPC
-68.46930694580078,-854.9716796875,RUNNING_MPC
-71.46769714355469,-854.390869140625,RUNNING_MPC
-74.44134521484375,-853.6792602539062,RUNNING_MPC
-76.7983627319336,-853.0132446289062,RUNNING_MPC
-80.2878189086914,-851.852783203125,RUNNING_MPC
-82.57720184326172,-850.9712524414062,RUNNING_MPC
-85.95598602294922,-849.4985961914062,RUNNING_MPC
-87.06742858886719,-848.9666748046875,RUNNING_MPC
-90.90350341796875,-846.954345703125,RUNNING_MPC
-93.59797668457031,-845.3765258789062,RUNNING_MPC
-95.73355102539062,-844.0357055664062,RUNNING_MPC
-98.9107666015625,-841.9021606445312,RUNNING_MPC
-101.01493835449219,-840.3990478515625,RUNNING_MPC
-104.15363311767578,-838.02685546875,RUNNING_MPC
-106.23397827148438,-836.3635864257812,RUNNING_MPC
-108.30451202392578,-834.634521484375,RUNNING_MPC
-110.36431121826172,-832.8379516601562,RUNNING_MPC
-113.4295883178711,-830.0117797851562,RUNNING_MPC
-116.4598388671875,-827.025146484375,RUNNING_MPC
-118.4576416015625,-824.943603515625,RUNNING_MPC
-120.92558288574219,-822.2367553710938,RUNNING_MPC
-122.39022827148438,-820.5567016601562,RUNNING_MPC
-124.32247924804688,-818.2529296875,RUNNING_MPC
-127.17942810058594,-814.6607666015625,RUNNING_MPC
-129.0626678466797,-812.183349609375,RUNNING_MPC
-130.93157958984375,-809.6405029296875,RUNNING_MPC
-132.78672790527344,-807.0344848632812,RUNNING_MPC
-135.0755615234375,-803.685546875,RUNNING_MPC
-137.31761169433594,-800.2327270507812,RUNNING_MPC
-139.07745361328125,-797.4016723632812,RUNNING_MPC
-140.81626892089844,-794.5223999023438,RUNNING_MPC
-142.54649353027344,-791.6080932617188,RUNNING_MPC
-144.70751953125,-787.9340209960938,RUNNING_MPC
-146.86781311035156,-784.2354736328125,RUNNING_MPC
-149.02601623535156,-780.5245361328125,RUNNING_MPC
-151.17481994628906,-776.8104248046875,RUNNING_MPC
-152.88272094726562,-773.8409423828125,RUNNING_MPC
-155.00038146972656,-770.1351928710938,RUNNING_MPC
-157.09780883789062,-766.4362182617188,RUNNING_MPC
-159.17962646484375,-762.7459106445312,RUNNING_MPC
-160.838623046875,-759.800048828125,RUNNING_MPC
-162.9134979248047,-756.125244140625,RUNNING_MPC
-165.0015411376953,-752.458984375,RUNNING_MPC
-167.11813354492188,-748.8024291992188,RUNNING_MPC
-169.2799835205078,-745.1599731445312,RUNNING_MPC
-171.0491180419922,-742.2601318359375,RUNNING_MPC
-173.77880859375,-737.9373168945312,RUNNING_MPC
-176.12110900878906,-734.3607788085938,RUNNING_MPC
-178.03392028808594,-731.5192260742188,RUNNING_MPC
-180.4623565673828,-727.9895629882812,RUNNING_MPC
-182.9208221435547,-724.4840698242188,RUNNING_MPC
-184.9025421142578,-721.6967163085938,RUNNING_MPC
-187.8932342529297,-717.5441284179688,RUNNING_MPC
-190.3992919921875,-714.109375,RUNNING_MPC
-191.9096221923828,-712.0593872070312,RUNNING_MPC
-194.9476318359375,-707.9835815429688,RUNNING_MPC
-197.5004425048828,-704.6103515625,RUNNING_MPC
-200.07861328125,-701.2578125,RUNNING_MPC
-202.1609344482422,-698.587646484375,RUNNING_MPC
-204.7919464111328,-695.2640380859375,RUNNING_MPC
-206.91966247558594,-692.6152954101562,RUNNING_MPC
-209.6104278564453,-689.3182373046875,RUNNING_MPC
-212.88421630859375,-685.3828735351562,RUNNING_MPC
-215.645751953125,-682.123046875,RUNNING_MPC
-218.43011474609375,-678.8787841796875,RUNNING_MPC
-220.6698455810547,-676.294921875,RUNNING_MPC
-223.47830200195312,-673.0753784179688,RUNNING_MPC
-225.16563415527344,-671.150146484375,RUNNING_MPC
-228.5409698486328,-667.3097534179688,RUNNING_MPC
-230.7911834716797,-664.7583618164062,RUNNING_MPC
-233.0443878173828,-662.2144165039062,RUNNING_MPC
-235.30130004882812,-659.6795043945312,RUNNING_MPC
-238.1336212158203,-656.5234985351562,RUNNING_MPC
-240.98158264160156,-653.38232421875,RUNNING_MPC
-243.84461975097656,-650.2523803710938,RUNNING_MPC
-246.7216339111328,-647.1294555664062,RUNNING_MPC
-249.0319061279297,-644.6331787109375,RUNNING_MPC
-251.92706298828125,-641.5142211914062,RUNNING_MPC
-254.82644653320312,-638.3968505859375,RUNNING_MPC
-257.724365234375,-635.2830200195312,RUNNING_MPC
-260.6134948730469,-632.1785278320312,RUNNING_MPC
-263.4847106933594,-629.0914916992188,RUNNING_MPC
-266.328857421875,-626.0313110351562,RUNNING_MPC
-268.5795593261719,-623.6083984375,RUNNING_MPC
-271.9070739746094,-620.0252685546875,RUNNING_MPC
-274.6296081542969,-617.0924072265625,RUNNING_MPC
-276.7713317871094,-614.783935546875,RUNNING_MPC
-279.92022705078125,-611.3851928710938,RUNNING_MPC
-281.9739685058594,-609.1622314453125,RUNNING_MPC
-283.9898681640625,-606.9718017578125,RUNNING_MPC
-286.93609619140625,-603.7473754882812,RUNNING_MPC
-289.3168640136719,-601.1156616210938,RUNNING_MPC
-291.6321105957031,-598.5360107421875,RUNNING_MPC
-293.8822326660156,-596.0084228515625,RUNNING_MPC
-296.06842041015625,-593.53662109375,RUNNING_MPC
-297.7751159667969,-591.6009521484375,RUNNING_MPC
-299.85736083984375,-589.2347412109375,RUNNING_MPC
-301.48388671875,-587.3844604492188,RUNNING_MPC
-303.4683837890625,-585.1238403320312,RUNNING_MPC
-305.0171203613281,-583.3567504882812,RUNNING_MPC
-306.9051818847656,-581.1978149414062,RUNNING_MPC
-309.1000061035156,-578.681884765625,RUNNING_MPC
-310.86956787109375,-576.6455078125,RUNNING_MPC
-312.5857849121094,-574.6635131835938,RUNNING_MPC
-314.2496643066406,-572.736572265625,RUNNING_MPC
-315.8609619140625,-570.8641357421875,RUNNING_MPC
-317.4200439453125,-569.0482788085938,RUNNING_MPC
-318.92767333984375,-567.2890014648438,RUNNING_MPC
-320.096923828125,-565.9219360351562,RUNNING_MPC
-321.5127868652344,-564.2637939453125,RUNNING_MPC
-322.8788146972656,-562.661376953125,RUNNING_MPC
-324.19580078125,-561.1141357421875,RUNNING_MPC
-325.46429443359375,-559.6219482421875,RUNNING_MPC
-326.2024841308594,-558.7527465820312,RUNNING_MPC
-327.6283264160156,-557.0722045898438,RUNNING_MPC
-328.9900207519531,-555.4656372070312,RUNNING_MPC
-329.8642883300781,-554.433349609375,RUNNING_MPC
-330.7146911621094,-553.4284057617188,RUNNING_MPC
-331.9538879394531,-551.9627075195312,RUNNING_MPC
-332.96124267578125,-550.7700805664062,RUNNING_MPC
-333.9559631347656,-549.5922241210938,RUNNING_MPC
-334.7487487792969,-548.6539916992188,RUNNING_MPC
-335.94134521484375,-547.2465209960938,RUNNING_MPC
-336.74481201171875,-546.3036499023438,RUNNING_MPC
-337.76513671875,-545.117431640625,RUNNING_MPC
-338.8080139160156,-543.9244995117188,RUNNING_MPC
-339.87701416015625,-542.72900390625,RUNNING_MPC
-340.9739685058594,-541.5403442382812,RUNNING_MPC
-341.8726806640625,-540.600830078125,RUNNING_MPC
-342.7895202636719,-539.6776733398438,RUNNING_MPC
-344.19659423828125,-538.3353271484375,RUNNING_MPC
-345.39605712890625,-537.2626953125,RUNNING_MPC
-346.61865234375,-536.2380981445312,RUNNING_MPC
-347.86517333984375,-535.2647705078125,RUNNING_MPC
-348.8811950683594,-534.5250854492188,RUNNING_MPC
-350.1774597167969,-533.6505737304688,RUNNING_MPC
-351.23858642578125,-532.992919921875,RUNNING_MPC
-352.600341796875,-532.2255249023438,RUNNING_MPC
-353.4381103515625,-531.7954711914062,RUNNING_MPC
-355.163818359375,-531.00927734375,RUNNING_MPC
-356.6523742675781,-530.4362182617188,RUNNING_MPC
-357.8758544921875,-530.0386352539062,RUNNING_MPC
-359.4403381347656,-529.623779296875,RUNNING_MPC
-361.0352783203125,-529.3087158203125,RUNNING_MPC
-362.3270263671875,-529.1365966796875,RUNNING_MPC
-363.624755859375,-529.0386352539062,RUNNING_MPC
-365.5735168457031,-529.0449829101562,RUNNING_MPC
-366.86431884765625,-529.1566772460938,RUNNING_MPC
-368.1455383300781,-529.3532104492188,RUNNING_MPC
-369.7309265136719,-529.7169189453125,RUNNING_MPC
-371.30224609375,-530.2001342773438,RUNNING_MPC
-372.5499572753906,-530.6655883789062,RUNNING_MPC
-374.1013488769531,-531.3431396484375,RUNNING_MPC
-375.0279846191406,-531.7986450195312,RUNNING_MPC
-376.8729553222656,-532.8214721679688,RUNNING_MPC
-378.09564208984375,-533.5858764648438,RUNNING_MPC
-379.313232421875,-534.4150390625,RUNNING_MPC
-380.83001708984375,-535.5396118164062,RUNNING_MPC
-382.3455810546875,-536.7566528320312,RUNNING_MPC
-383.8637390136719,-538.060546875,RUNNING_MPC
-385.3902282714844,-539.4426879882812,RUNNING_MPC
-386.9287414550781,-540.8861694335938,RUNNING_MPC
-388.16650390625,-542.0721435546875,RUNNING_MPC
-390.0267639160156,-543.8732299804688,RUNNING_MPC
-391.8821716308594,-545.6686401367188,RUNNING_MPC
-392.8049621582031,-546.5519409179688,RUNNING_MPC
-394.6380920410156,-548.2711181640625,RUNNING_MPC
-396.1532287597656,-549.6439208984375,RUNNING_MPC
-396.7572326660156,-550.1766357421875,RUNNING_MPC
-398.5699157714844,-551.717041015625,RUNNING_MPC
-400.39874267578125,-553.1764526367188,RUNNING_MPC
-402.268310546875,-554.5599365234375,RUNNING_MPC
-403.5488586425781,-555.4375610351562,RUNNING_MPC
-405.19854736328125,-556.4786376953125,RUNNING_MPC
-406.91162109375,-557.4494018554688,RUNNING_MPC
-407.61614990234375,-557.815673828125,RUNNING_MPC
-410.55975341796875,-559.1358642578125,RUNNING_MPC
-412.1091003417969,-559.691650390625,RUNNING_MPC
-413.7063293457031,-560.1651000976562,RUNNING_MPC
-416.1776428222656,-560.706298828125,RUNNING_MPC
-417.01751708984375,-560.8395385742188,RUNNING_MPC
-419.5734558105469,-561.0944213867188,RUNNING_MPC
-422.1575012207031,-561.1227416992188,RUNNING_MPC
-424.7523193359375,-560.95068359375,RUNNING_MPC
-426.48626708984375,-560.7341918945312,RUNNING_MPC
-429.0978088378906,-560.2730102539062,RUNNING_MPC
-429.9722900390625,-560.0851440429688,RUNNING_MPC
-432.6094055175781,-559.423095703125,RUNNING_MPC
-435.26947021484375,-558.6113891601562,RUNNING_MPC
-437.05560302734375,-557.9862670898438,RUNNING_MPC
-439.7513427734375,-556.9155883789062,RUNNING_MPC
-441.1062316894531,-556.3190307617188,RUNNING_MPC
-443.8246765136719,-554.9946899414062,RUNNING_MPC
-446.0943298339844,-553.7523803710938,RUNNING_MPC
-447.9082336425781,-552.66455078125,RUNNING_MPC
-450.6211242675781,-550.8706665039062,RUNNING_MPC
-451.52197265625,-550.2294311523438,RUNNING_MPC
-454.2086181640625,-548.1734619140625,RUNNING_MPC
-456.86578369140625,-545.9195556640625,RUNNING_MPC
-459.0526428222656,-543.8934326171875,RUNNING_MPC
-461.21337890625,-541.7403564453125,RUNNING_MPC
-462.07073974609375,-540.8451538085938,RUNNING_MPC
-464.6242370605469,-538.0543212890625,RUNNING_MPC
-467.1581115722656,-535.1166381835938,RUNNING_MPC
-469.6858825683594,-532.0446166992188,RUNNING_MPC
-471.3712463378906,-529.9254760742188,RUNNING_MPC
-473.05706787109375,-527.7493286132812,RUNNING_MPC
-475.58642578125,-524.3809204101562,RUNNING_MPC
-476.8508605957031,-522.6484375,RUNNING_MPC
-478.9581604003906,-519.6944580078125,RUNNING_MPC
-480.6429443359375,-517.267333984375,RUNNING_MPC
-481.90582275390625,-515.4100952148438,RUNNING_MPC
-484.00592041015625,-512.2491455078125,RUNNING_MPC
-485.2584533691406,-510.3113098144531,RUNNING_MPC
-486.5028076171875,-508.3473815917969,RUNNING_MPC
-488.5400390625,-505.0168151855469,RUNNING_MPC
-489.7340393066406,-502.9901123046875,RUNNING_MPC
-491.2844543457031,-500.26385498046875,RUNNING_MPC
-492.7815246582031,-497.5225524902344,RUNNING_MPC
-494.2190246582031,-494.77630615234375,RUNNING_MPC
-495.2563171386719,-492.72027587890625,RUNNING_MPC
-496.5838623046875,-489.99078369140625,RUNNING_MPC
-497.53717041015625,-487.9569091796875,RUNNING_MPC
-498.74896240234375,-485.26617431640625,RUNNING_MPC
-499.8883361816406,-482.6036071777344,RUNNING_MPC
-500.69842529296875,-480.62744140625,RUNNING_MPC
-501.7170104980469,-478.0209655761719,RUNNING_MPC
-502.6643981933594,-475.448974609375,RUNNING_MPC
-503.1130676269531,-474.1761169433594,RUNNING_MPC
-504.1610107421875,-471.03143310546875,RUNNING_MPC
-504.740966796875,-469.16912841796875,RUNNING_MPC
-505.4568786621094,-466.7126159667969,RUNNING_MPC
-506.11285400390625,-464.2845458984375,RUNNING_MPC
-506.7140808105469,-461.87847900390625,RUNNING_MPC
-507.1286926269531,-460.0850830078125,RUNNING_MPC
-507.6365966796875,-457.7034606933594,RUNNING_MPC
-507.9859924316406,-455.919921875,RUNNING_MPC
-508.408203125,-453.54132080078125,RUNNING_MPC
-508.7781982421875,-451.1572570800781,RUNNING_MPC
-509.02081298828125,-449.3622131347656,RUNNING_MPC
-509.2961730957031,-446.9552001953125,RUNNING_MPC
-509.4630432128906,-445.13909912109375,RUNNING_MPC
-509.62939453125,-442.7026062011719,RUNNING_MPC
-509.71240234375,-440.86334228515625,RUNNING_MPC
-509.76385498046875,-438.3982238769531,RUNNING_MPC
-509.7572937011719,-436.54193115234375,RUNNING_MPC
-509.6885070800781,-434.0601806640625,RUNNING_MPC
-509.5474548339844,-431.57965087890625,RUNNING_MPC
-509.3356018066406,-429.10394287109375,RUNNING_MPC
-509.13006591796875,-427.2538146972656,RUNNING_MPC
-508.7972412109375,-424.8037414550781,RUNNING_MPC
-508.3944396972656,-422.37261962890625,RUNNING_MPC
-507.92340087890625,-419.9642028808594,RUNNING_MPC
-507.23553466796875,-416.9887390136719,RUNNING_MPC
-506.6103515625,-414.63427734375,RUNNING_MPC
-505.91851806640625,-412.3035888671875,RUNNING_MPC
-505.1552734375,-409.9920349121094,RUNNING_MPC
-504.31988525390625,-407.6983642578125,RUNNING_MPC
-503.6466979980469,-405.9884033203125,RUNNING_MPC
-502.6866149902344,-403.7179260253906,RUNNING_MPC
-501.92144775390625,-402.0216979980469,RUNNING_MPC
-500.8450927734375,-399.76519775390625,RUNNING_MPC
-499.7076110839844,-397.5104675292969,RUNNING_MPC
-498.81768798828125,-395.818359375,RUNNING_MPC
-497.5843505859375,-393.5589904785156,RUNNING_MPC
-496.6257019042969,-391.8599548339844,RUNNING_MPC
-495.6394958496094,-390.1555480957031,RUNNING_MPC
-494.283203125,-387.8744812011719,RUNNING_MPC
-493.23138427734375,-386.15753173828125,RUNNING_MPC
-491.7850341796875,-383.85833740234375,RUNNING_MPC
-490.6658020019531,-382.12713623046875,RUNNING_MPC
-489.1286926269531,-379.8094177246094,RUNNING_MPC
-487.5396728515625,-377.4803161621094,RUNNING_MPC
-486.3147888183594,-375.7253112792969,RUNNING_MPC
-484.6363220214844,-373.3730773925781,RUNNING_MPC
-483.3474426269531,-371.5969543457031,RUNNING_MPC
-481.5921630859375,-369.21307373046875,RUNNING_MPC
-479.79229736328125,-366.8106994628906,RUNNING_MPC
-478.41595458984375,-364.9934387207031,RUNNING_MPC
-476.5502624511719,-362.5469055175781,RUNNING_MPC
-474.65679931640625,-360.0705871582031,RUNNING_MPC
-473.2170715332031,-358.1911926269531,RUNNING_MPC
-471.2773742675781,-355.65338134765625,RUNNING_MPC
-469.8087463378906,-353.7257080078125,RUNNING_MPC
-467.8335876464844,-351.1238098144531,RUNNING_MPC
-465.8406982421875,-348.4914855957031,RUNNING_MPC
-464.3348388671875,-346.4955139160156,RUNNING_MPC
-462.3115539550781,-343.8097839355469,RUNNING_MPC
-460.2721862792969,-341.1012878417969,RUNNING_MPC
-458.7331848144531,-339.0576171875,RUNNING_MPC
-456.6715393066406,-336.31927490234375,RUNNING_MPC
-455.1183776855469,-334.2587890625,RUNNING_MPC
-453.04254150390625,-331.50738525390625,RUNNING_MPC
-451.48443603515625,-329.4429931640625,RUNNING_MPC
-448.891357421875,-326.0073547363281,RUNNING_MPC
-446.82476806640625,-323.2678527832031,RUNNING_MPC
-444.76763916015625,-320.5400085449219,RUNNING_MPC
-442.7214050292969,-317.82476806640625,RUNNING_MPC
-440.6852722167969,-315.1218566894531,RUNNING_MPC
-438.6573486328125,-312.4291076660156,RUNNING_MPC
-437.1400146484375,-310.4139709472656,RUNNING_MPC
-435.11859130859375,-307.7296142578125,RUNNING_MPC
-433.60302734375,-305.71563720703125,RUNNING_MPC
-431.5799865722656,-303.0250549316406,RUNNING_MPC
-429.5534362792969,-300.3246154785156,RUNNING_MPC
-428.0306396484375,-298.2911376953125,RUNNING_MPC
-425.9947814941406,-295.56707763671875,RUNNING_MPC
-424.46295166015625,-293.5140075683594,RUNNING_MPC
-422.4148864746094,-290.7650451660156,RUNNING_MPC
-420.3620910644531,-288.0064697265625,RUNNING_MPC
-418.8204345703125,-285.9329833984375,RUNNING_MPC
-416.7649841308594,-283.1665954589844,RUNNING_MPC
-414.7133483886719,-280.40216064453125,RUNNING_MPC
-413.17877197265625,-278.3324279785156,RUNNING_MPC
-411.1397705078125,-275.5797424316406,RUNNING_MPC
-409.6164855957031,-273.52105712890625,RUNNING_MPC
-407.59381103515625,-270.7853698730469,RUNNING_MPC
-405.580810546875,-268.06011962890625,RUNNING_MPC
-404.07611083984375,-266.02197265625,RUNNING_MPC
-402.0743408203125,-263.3094787597656,RUNNING_MPC
-400.0744934082031,-260.5995788574219,RUNNING_MPC
-398.5740661621094,-258.5669860839844,RUNNING_MPC
-396.5702209472656,-255.8533477783203,RUNNING_MPC
-395.0635986328125,-253.81350708007812,RUNNING_MPC
-393.0487060546875,-251.08541870117188,RUNNING_MPC
-391.0262451171875,-248.34605407714844,RUNNING_MPC
-389.5045166015625,-246.28390502929688,RUNNING_MPC
-387.9794006347656,-244.21571350097656,RUNNING_MPC
-385.94256591796875,-241.45037841796875,RUNNING_MPC
-384.41363525390625,-239.37257385253906,RUNNING_MPC
-382.37591552734375,-236.59988403320312,RUNNING_MPC
-380.8503723144531,-234.520751953125,RUNNING_MPC
-378.8216857910156,-231.75160217285156,RUNNING_MPC
-377.30523681640625,-229.68072509765625,RUNNING_MPC
-375.2917175292969,-226.92417907714844,RUNNING_MPC
-373.2873840332031,-224.17654418945312,RUNNING_MPC
-371.2912292480469,-221.43771362304688,RUNNING_MPC
-369.3016662597656,-218.70632934570312,RUNNING_MPC
-367.316162109375,-215.97987365722656,RUNNING_MPC
-365.3318176269531,-213.25531005859375,RUNNING_MPC
-363.34600830078125,-210.52978515625,RUNNING_MPC
-361.8544006347656,-208.48223876953125,RUNNING_MPC
-359.86090087890625,-205.74578857421875,RUNNING_MPC
-357.86090087890625,-203.0000762939453,RUNNING_MPC
-356.3563537597656,-200.93405151367188,RUNNING_MPC
-354.3445129394531,-198.17051696777344,RUNNING_MPC
-352.83245849609375,-196.09165954589844,RUNNING_MPC
-350.8143005371094,-193.3136749267578,RUNNING_MPC
-349.3006896972656,-191.2277069091797,RUNNING_MPC
-347.28485107421875,-188.446044921875,RUNNING_MPC
-345.2735900878906,-185.66665649414062,RUNNING_MPC
-343.76947021484375,-183.58499145507812,RUNNING_MPC
-341.7709655761719,-180.81500244140625,RUNNING_MPC
-339.7807312011719,-178.05274963378906,RUNNING_MPC
-338.2931823730469,-175.98655700683594,RUNNING_MPC
-336.31634521484375,-173.2380828857422,RUNNING_MPC
-334.8377990722656,-171.18006896972656,RUNNING_MPC
-332.8697509765625,-168.4385528564453,RUNNING_MPC
-331.3944396972656,-166.3830108642578,RUNNING_MPC
-329.4252624511719,-163.6410675048828,RUNNING_MPC
-327.45068359375,-160.89610290527344,RUNNING_MPC
-325.9651184082031,-158.83380126953125,RUNNING_MPC
-323.97821044921875,-156.07701110839844,RUNNING_MPC
-322.4840393066406,-154.00338745117188,RUNNING_MPC
-320.48553466796875,-151.23171997070312,RUNNING_MPC
