axis,D_true,v_rollout_mps,delta_sweep_rad,mu_reach,mu_realised,noise,seed,D_f,D_r,n_railed,railed_f,railed_r
speed,0.7,4.0,0.4,0.4255,0.4244,0,0,0.5817,0.6164,2,C,C
speed,0.7,4.0,0.4,0.4255,0.4244,1,0,0.5438,0.5336,1,C,
speed,0.7,4.0,0.4,0.4255,0.4244,1,1,0.5571,0.5662,2,C,C
speed,0.7,4.0,0.4,0.4255,0.4244,1,2,0.5572,0.4861,2,C,C
speed,0.7,4.0,0.4,0.4255,0.4244,1,3,0.5004,0.4866,2,C,C
speed,0.7,4.0,0.4,0.4255,0.4244,1,4,0.5086,0.4796,2,C,C
speed,0.7,6.0,0.4,0.9573,0.6579,0,0,0.6974,0.6603,1,,C
speed,0.7,6.0,0.4,0.9573,0.6579,1,0,0.6968,0.6592,1,,C
speed,0.7,6.0,0.4,0.9573,0.6579,1,1,0.6977,0.66,1,,C
speed,0.7,6.0,0.4,0.9573,0.6579,1,2,0.6986,0.662,1,,C
speed,0.7,6.0,0.4,0.9573,0.6579,1,3,0.6977,0.6609,1,,C
speed,0.7,6.0,0.4,0.9573,0.6579,1,4,0.6974,0.6608,1,,C
speed,0.7,8.0,0.4,1.7018,0.7279,0,0,0.7242,0.6562,1,,C
speed,0.7,8.0,0.4,1.7018,0.7279,1,0,0.7245,0.6561,1,,C
speed,0.7,8.0,0.4,1.7018,0.7279,1,1,0.7237,0.6568,1,,C
speed,0.7,8.0,0.4,1.7018,0.7279,1,2,0.725,0.6571,1,,C
speed,0.7,8.0,0.4,1.7018,0.7279,1,3,0.7241,0.6559,1,,C
speed,0.7,8.0,0.4,1.7018,0.7279,1,4,0.7261,0.6572,1,,C
speed,0.7,10.0,0.4,2.6591,0.8008,0,0,0.7345,0.6557,0,,
speed,0.7,10.0,0.4,2.6591,0.8008,1,0,0.7374,0.6552,0,,
speed,0.7,10.0,0.4,2.6591,0.8008,1,1,0.7362,0.6561,0,,
speed,0.7,10.0,0.4,2.6591,0.8008,1,2,0.7357,0.6563,0,,
speed,0.7,10.0,0.4,2.6591,0.8008,1,3,0.7357,0.6561,0,,
speed,0.7,10.0,0.4,2.6591,0.8008,1,4,0.7358,0.6555,0,,
speed,0.7,13.0,0.4,4.4939,0.9137,0,0,0.7784,0.6577,0,,
speed,0.7,13.0,0.4,4.4939,0.9137,1,0,0.7771,0.6563,0,,
speed,0.7,13.0,0.4,4.4939,0.9137,1,1,0.7811,0.6567,0,,
speed,0.7,13.0,0.4,4.4939,0.9137,1,2,0.7801,0.6576,0,,
speed,0.7,13.0,0.4,4.4939,0.9137,1,3,0.7783,0.6568,0,,
speed,0.7,13.0,0.4,4.4939,0.9137,1,4,0.7776,0.6572,0,,
speed,0.7,15.0,0.4,5.983,1.0269,0,0,0.8271,0.6733,1,,C
speed,0.7,15.0,0.4,5.983,1.0269,1,0,0.8243,0.6743,1,,C
speed,0.7,15.0,0.4,5.983,1.0269,1,1,0.8305,0.6995,1,,E
speed,0.7,15.0,0.4,5.983,1.0269,1,2,0.8276,0.6749,1,,C
speed,0.7,15.0,0.4,5.983,1.0269,1,3,0.8304,0.6912,1,,E
speed,0.7,15.0,0.4,5.983,1.0269,1,4,0.8283,0.6721,1,,C
speed,0.7,20.0,0.4,10.6364,1.4008,0,0,1.0172,0.8112,1,,C
speed,0.7,20.0,0.4,10.6364,1.4008,1,0,1.0139,0.8239,1,,C
speed,0.7,20.0,0.4,10.6364,1.4008,1,1,1.0132,0.8114,1,,C
speed,0.7,20.0,0.4,10.6364,1.4008,1,2,1.0182,0.8117,1,,C
speed,0.7,20.0,0.4,10.6364,1.4008,1,3,1.0116,0.8255,1,,C
speed,0.7,20.0,0.4,10.6364,1.4008,1,4,1.0169,0.8207,1,,C
delta,0.7,15.0,0.03,0.4487,0.4442,0,0,0.8218,0.8093,2,C,C
delta,0.7,15.0,0.03,0.4487,0.4442,1,0,0.7864,0.7869,2,C,C
delta,0.7,15.0,0.03,0.4487,0.4442,1,1,0.8051,0.8,2,C,C
delta,0.7,15.0,0.03,0.4487,0.4442,1,2,0.8331,0.8186,2,C,C
delta,0.7,15.0,0.03,0.4487,0.4442,1,3,0.8135,0.8071,2,C,C
delta,0.7,15.0,0.03,0.4487,0.4442,1,4,0.7938,0.7936,2,C,C
delta,0.7,15.0,0.06,0.8974,0.7954,0,0,0.9206,0.9209,2,C,C
delta,0.7,15.0,0.06,0.8974,0.7954,1,0,0.9196,0.9205,2,C,C
delta,0.7,15.0,0.06,0.8974,0.7954,1,1,0.9197,0.9207,2,C,C
delta,0.7,15.0,0.06,0.8974,0.7954,1,2,0.9246,0.9249,2,C,C
delta,0.7,15.0,0.06,0.8974,0.7954,1,3,0.9228,0.9233,2,C,C
delta,0.7,15.0,0.06,0.8974,0.7954,1,4,0.9171,0.9184,2,C,C
delta,0.7,15.0,0.1,1.4957,0.8329,0,0,0.9562,0.9553,2,C,C
delta,0.7,15.0,0.1,1.4957,0.8329,1,0,0.9619,0.961,2,C,C
delta,0.7,15.0,0.1,1.4957,0.8329,1,1,0.9549,0.9545,2,C,C
delta,0.7,15.0,0.1,1.4957,0.8329,1,2,0.9542,0.9537,2,C,C
delta,0.7,15.0,0.1,1.4957,0.8329,1,3,0.9546,0.9545,2,C,C
delta,0.7,15.0,0.1,1.4957,0.8329,1,4,0.9575,0.9573,2,C,C
delta,0.7,15.0,0.15,2.2436,0.8808,0,0,0.9896,0.9872,2,C,C
delta,0.7,15.0,0.15,2.2436,0.8808,1,0,0.9873,0.9856,2,C,C
delta,0.7,15.0,0.15,2.2436,0.8808,1,1,0.9888,0.9855,2,C,C
delta,0.7,15.0,0.15,2.2436,0.8808,1,2,0.9844,0.9828,2,C,C
delta,0.7,15.0,0.15,2.2436,0.8808,1,3,0.9909,0.9885,2,C,C
delta,0.7,15.0,0.15,2.2436,0.8808,1,4,0.9935,0.9912,2,C,C
delta,0.7,15.0,0.25,3.7394,0.9517,0,0,0.8088,0.7272,2,C,C
delta,0.7,15.0,0.25,3.7394,0.9517,1,0,0.8076,0.7284,2,C,C
delta,0.7,15.0,0.25,3.7394,0.9517,1,1,0.8116,0.7286,2,C,C
delta,0.7,15.0,0.25,3.7394,0.9517,1,2,0.8052,0.7274,2,C,C
delta,0.7,15.0,0.25,3.7394,0.9517,1,3,0.8068,0.7265,2,C,C
delta,0.7,15.0,0.25,3.7394,0.9517,1,4,0.8053,0.7257,2,C,C
delta,0.7,15.0,0.4,5.983,1.0269,0,0,0.8271,0.6733,1,,C
delta,0.7,15.0,0.4,5.983,1.0269,1,0,0.8243,0.6743,1,,C
delta,0.7,15.0,0.4,5.983,1.0269,1,1,0.8305,0.6995,1,,E
delta,0.7,15.0,0.4,5.983,1.0269,1,2,0.8276,0.6749,1,,C
delta,0.7,15.0,0.4,5.983,1.0269,1,3,0.8304,0.6912,1,,E
delta,0.7,15.0,0.4,5.983,1.0269,1,4,0.8283,0.6721,1,,C
delta,0.7,15.0,0.54,8.077,1.0765,0,0,0.8862,0.7821,1,,C
delta,0.7,15.0,0.54,8.077,1.0765,1,0,0.8834,0.7839,1,,C
delta,0.7,15.0,0.54,8.077,1.0765,1,1,0.8834,0.7837,1,,C
delta,0.7,15.0,0.54,8.077,1.0765,1,2,0.8863,0.7837,1,,C
delta,0.7,15.0,0.54,8.077,1.0765,1,3,0.8826,0.7789,1,,C
delta,0.7,15.0,0.54,8.077,1.0765,1,4,0.8937,0.787,1,,C
speed,1.05,4.0,0.4,0.4255,0.4344,0,0,0.6492,0.6937,2,C,C
speed,1.05,4.0,0.4,0.4255,0.4344,1,0,0.5905,0.566,4,C|E,C|E
speed,1.05,4.0,0.4,0.4255,0.4344,1,1,0.5973,0.5333,3,C|E,E
speed,1.05,4.0,0.4,0.4255,0.4344,1,2,0.5936,0.5074,3,C|E,E
speed,1.05,4.0,0.4,0.4255,0.4344,1,3,0.6018,0.5342,2,E,E
speed,1.05,4.0,0.4,0.4255,0.4344,1,4,0.5875,0.563,2,E,E
speed,1.05,6.0,0.4,0.9573,0.8857,0,0,1.0569,1.079,2,C,C
speed,1.05,6.0,0.4,0.9573,0.8857,1,0,1.0465,1.0408,1,C,
speed,1.05,6.0,0.4,0.9573,0.8857,1,1,1.0507,1.0649,2,C,C
speed,1.05,6.0,0.4,0.9573,0.8857,1,2,1.0537,1.0045,1,C,
speed,1.05,6.0,0.4,0.9573,0.8857,1,3,1.0599,1.0082,1,C,
speed,1.05,6.0,0.4,0.9573,0.8857,1,4,1.0665,0.9982,1,C,
speed,1.05,8.0,0.4,1.7018,1.0086,0,0,1.0498,0.9967,1,,C
speed,1.05,8.0,0.4,1.7018,1.0086,1,0,1.0496,0.9958,1,,C
speed,1.05,8.0,0.4,1.7018,1.0086,1,1,1.0506,0.9977,1,,C
speed,1.05,8.0,0.4,1.7018,1.0086,1,2,1.0509,0.9989,0,,
speed,1.05,8.0,0.4,1.7018,1.0086,1,3,1.0499,0.9969,1,,C
speed,1.05,8.0,0.4,1.7018,1.0086,1,4,1.0493,0.997,1,,C
speed,1.05,10.0,0.4,2.6591,1.0876,0,0,1.0808,0.9865,1,,C
speed,1.05,10.0,0.4,2.6591,1.0876,1,0,1.0804,0.9859,0,,
speed,1.05,10.0,0.4,2.6591,1.0876,1,1,1.0799,0.9867,0,,
speed,1.05,10.0,0.4,2.6591,1.0876,1,2,1.0819,0.988,1,,C
speed,1.05,10.0,0.4,2.6591,1.0876,1,3,1.0822,0.988,0,,
speed,1.05,10.0,0.4,2.6591,1.0876,1,4,1.0826,0.9867,1,,C
speed,1.05,13.0,0.4,4.4939,1.2119,0,0,1.1143,0.9809,0,,
speed,1.05,13.0,0.4,4.4939,1.2119,1,0,1.1197,0.9798,0,,
speed,1.05,13.0,0.4,4.4939,1.2119,1,1,1.1203,0.9811,0,,
speed,1.05,13.0,0.4,4.4939,1.2119,1,2,1.1154,0.9817,0,,
speed,1.05,13.0,0.4,4.4939,1.2119,1,3,1.1125,0.9818,0,,
speed,1.05,13.0,0.4,4.4939,1.2119,1,4,1.1157,0.9797,0,,
speed,1.05,15.0,0.4,5.983,1.2965,0,0,1.1236,0.9767,0,,
speed,1.05,15.0,0.4,5.983,1.2965,1,0,1.1245,0.9759,0,,
speed,1.05,15.0,0.4,5.983,1.2965,1,1,1.1247,0.9772,0,,
speed,1.05,15.0,0.4,5.983,1.2965,1,2,1.1218,0.9794,0,,
speed,1.05,15.0,0.4,5.983,1.2965,1,3,1.1187,0.9766,0,,
speed,1.05,15.0,0.4,5.983,1.2965,1,4,1.1219,0.9767,0,,
speed,1.05,20.0,0.4,10.6364,1.6365,0,0,1.2665,1.01,1,,C
speed,1.05,20.0,0.4,10.6364,1.6365,1,0,1.2575,1.0244,1,,E
speed,1.05,20.0,0.4,10.6364,1.6365,1,1,1.2608,1.0098,1,,C
speed,1.05,20.0,0.4,10.6364,1.6365,1,2,1.2671,1.0113,0,,
speed,1.05,20.0,0.4,10.6364,1.6365,1,3,1.2588,1.0028,0,,
speed,1.05,20.0,0.4,10.6364,1.6365,1,4,1.2622,1.0098,0,,
delta,1.05,15.0,0.03,0.4487,0.446,0,0,1.1673,1.1236,2,C,C
delta,1.05,15.0,0.03,0.4487,0.446,1,0,1.0468,1.0704,2,C,C
delta,1.05,15.0,0.03,0.4487,0.446,1,1,1.0819,1.0932,2,C,C
delta,1.05,15.0,0.03,0.4487,0.446,1,2,1.1628,1.1206,2,C,C
delta,1.05,15.0,0.03,0.4487,0.446,1,3,1.1229,1.1114,2,C,C
delta,1.05,15.0,0.03,0.4487,0.446,1,4,1.0694,1.0846,2,C,C
delta,1.05,15.0,0.06,0.8974,0.8861,0,0,1.3088,1.3022,2,C,C
delta,1.05,15.0,0.06,0.8974,0.8861,1,0,1.2936,1.2932,2,C,C
delta,1.05,15.0,0.06,0.8974,0.8861,1,1,1.2952,1.2965,2,C,C
delta,1.05,15.0,0.06,0.8974,0.8861,1,2,1.3122,1.3061,2,C,C
delta,1.05,15.0,0.06,0.8974,0.8861,1,3,1.3043,1.3012,2,C,C
delta,1.05,15.0,0.06,0.8974,0.8861,1,4,1.297,1.2962,2,C,C
delta,1.05,15.0,0.1,1.4957,1.145,0,0,1.3386,1.3483,2,C,C
delta,1.05,15.0,0.1,1.4957,1.145,1,0,1.295,1.343,2,C,C
delta,1.05,15.0,0.1,1.4957,1.145,1,1,1.3427,1.3495,2,C,C
delta,1.05,15.0,0.1,1.4957,1.145,1,2,1.3501,1.3528,2,C,C
delta,1.05,15.0,0.1,1.4957,1.145,1,3,1.3277,1.3448,2,C,C
delta,1.05,15.0,0.1,1.4957,1.145,1,4,1.3445,1.3478,2,C,C
delta,1.05,15.0,0.15,2.2436,1.1795,0,0,1.3838,1.3851,2,C,C
delta,1.05,15.0,0.15,2.2436,1.1795,1,0,1.3835,1.3867,2,C,C
delta,1.05,15.0,0.15,2.2436,1.1795,1,1,1.3795,1.3804,2,C,C
delta,1.05,15.0,0.15,2.2436,1.1795,1,2,1.3812,1.3835,2,C,C
delta,1.05,15.0,0.15,2.2436,1.1795,1,3,1.3828,1.3862,2,C,C
delta,1.05,15.0,0.15,2.2436,1.1795,1,4,1.386,1.3881,2,C,C
delta,1.05,15.0,0.25,3.7394,1.2337,0,0,1.1462,1.0831,2,B,C
delta,1.05,15.0,0.25,3.7394,1.2337,1,0,1.147,1.0814,2,B,C
delta,1.05,15.0,0.25,3.7394,1.2337,1,1,1.1478,1.0817,2,B,C
delta,1.05,15.0,0.25,3.7394,1.2337,1,2,1.1442,1.0961,2,B,C
delta,1.05,15.0,0.25,3.7394,1.2337,1,3,1.1463,1.0826,2,B,C
delta,1.05,15.0,0.25,3.7394,1.2337,1,4,1.1464,1.0935,2,B,C
delta,1.05,15.0,0.4,5.983,1.2965,0,0,1.1236,0.9767,0,,
delta,1.05,15.0,0.4,5.983,1.2965,1,0,1.1245,0.9759,0,,
delta,1.05,15.0,0.4,5.983,1.2965,1,1,1.1247,0.9772,0,,
delta,1.05,15.0,0.4,5.983,1.2965,1,2,1.1218,0.9794,0,,
delta,1.05,15.0,0.4,5.983,1.2965,1,3,1.1187,0.9766,0,,
delta,1.05,15.0,0.4,5.983,1.2965,1,4,1.1219,0.9767,0,,
delta,1.05,15.0,0.54,8.077,1.3442,0,0,1.1586,1.0013,0,,
delta,1.05,15.0,0.54,8.077,1.3442,1,0,1.1559,1.0011,0,,
delta,1.05,15.0,0.54,8.077,1.3442,1,1,1.1602,1.0017,0,,
delta,1.05,15.0,0.54,8.077,1.3442,1,2,1.1596,1.0012,0,,
delta,1.05,15.0,0.54,8.077,1.3442,1,3,1.1559,1.0008,0,,
delta,1.05,15.0,0.54,8.077,1.3442,1,4,1.1601,1.0029,0,,
speed,1.4,4.0,0.4,0.4255,0.4385,0,0,0.7279,0.7223,3,C|E,C
speed,1.4,4.0,0.4,0.4255,0.4385,1,0,0.6058,0.5737,4,C|E,C|E
speed,1.4,4.0,0.4,0.4255,0.4385,1,1,0.6184,0.5525,4,C|E,C|E
speed,1.4,4.0,0.4,0.4255,0.4385,1,2,0.6109,0.5163,3,C|E,E
speed,1.4,4.0,0.4,0.4255,0.4385,1,3,0.6324,0.5548,4,C|E,C|E
speed,1.4,4.0,0.4,0.4255,0.4385,1,4,0.6272,0.5769,4,C|E,C|E
speed,1.4,6.0,0.4,0.9573,0.9448,0,0,1.2873,1.3461,2,C,C
speed,1.4,6.0,0.4,0.9573,0.9448,1,0,1.242,1.2679,2,C,C
speed,1.4,6.0,0.4,0.9573,0.9448,1,1,1.2565,1.2904,2,C,C
speed,1.4,6.0,0.4,0.9573,0.9448,1,2,1.2583,1.1607,1,C,
speed,1.4,6.0,0.4,0.9573,0.9448,1,3,1.2846,1.1369,2,C,C
speed,1.4,6.0,0.4,0.9573,0.9448,1,4,1.1565,1.1152,2,C,C
speed,1.4,8.0,0.4,1.7018,1.2877,0,0,1.3917,1.3354,0,,
speed,1.4,8.0,0.4,1.7018,1.2877,1,0,1.3906,1.3306,0,,
speed,1.4,8.0,0.4,1.7018,1.2877,1,1,1.3889,1.332,0,,
speed,1.4,8.0,0.4,1.7018,1.2877,1,2,1.3903,1.3372,0,,
speed,1.4,8.0,0.4,1.7018,1.2877,1,3,1.3903,1.3373,0,,
speed,1.4,8.0,0.4,1.7018,1.2877,1,4,1.3894,1.3365,0,,
speed,1.4,10.0,0.4,2.6591,1.3719,0,0,1.4118,1.3254,1,,C
speed,1.4,10.0,0.4,2.6591,1.3719,1,0,1.4113,1.3226,1,,C
speed,1.4,10.0,0.4,2.6591,1.3719,1,1,1.4126,1.3267,1,,C
speed,1.4,10.0,0.4,2.6591,1.3719,1,2,1.4127,1.3281,1,,C
speed,1.4,10.0,0.4,2.6591,1.3719,1,3,1.4119,1.3244,1,,C
speed,1.4,10.0,0.4,2.6591,1.3719,1,4,1.4115,1.3254,1,,C
speed,1.4,13.0,0.4,4.4939,1.5037,0,0,1.4596,1.3075,1,,C
speed,1.4,13.0,0.4,4.4939,1.5037,1,0,1.4591,1.3069,0,,
speed,1.4,13.0,0.4,4.4939,1.5037,1,1,1.4607,1.3085,0,,
speed,1.4,13.0,0.4,4.4939,1.5037,1,2,1.4597,1.3094,1,,C
speed,1.4,13.0,0.4,4.4939,1.5037,1,3,1.4606,1.308,1,,C
speed,1.4,13.0,0.4,4.4939,1.5037,1,4,1.4627,1.3087,0,,
speed,1.4,15.0,0.4,5.983,1.5947,0,0,1.4772,1.3056,0,,
speed,1.4,15.0,0.4,5.983,1.5947,1,0,1.4803,1.3046,0,,
speed,1.4,15.0,0.4,5.983,1.5947,1,1,1.4792,1.3057,0,,
speed,1.4,15.0,0.4,5.983,1.5947,1,2,1.4736,1.3071,0,,
speed,1.4,15.0,0.4,5.983,1.5947,1,3,1.4795,1.307,0,,
speed,1.4,15.0,0.4,5.983,1.5947,1,4,1.4748,1.3053,0,,
speed,1.4,20.0,0.4,10.6364,1.8817,0,0,1.5276,1.3354,0,,
speed,1.4,20.0,0.4,10.6364,1.8817,1,0,1.5192,1.3365,0,,
speed,1.4,20.0,0.4,10.6364,1.8817,1,1,1.5289,1.3352,0,,
speed,1.4,20.0,0.4,10.6364,1.8817,1,2,1.521,1.3411,0,,
speed,1.4,20.0,0.4,10.6364,1.8817,1,3,1.5321,1.3298,0,,
speed,1.4,20.0,0.4,10.6364,1.8817,1,4,1.5254,1.3308,0,,
delta,1.4,15.0,0.03,0.4487,0.4467,0,0,1.5337,1.4317,2,C,C
delta,1.4,15.0,0.03,0.4487,0.4467,1,0,0.6023,1.3302,2,C,C
delta,1.4,15.0,0.03,0.4487,0.4467,1,1,0.6235,1.3511,2,C,C
delta,1.4,15.0,0.03,0.4487,0.4467,1,2,0.6417,1.3644,2,C,C
delta,1.4,15.0,0.03,0.4487,0.4467,1,3,0.8376,1.3837,2,C,C
delta,1.4,15.0,0.03,0.4487,0.4467,1,4,1.2879,1.3542,2,C,C
delta,1.4,15.0,0.06,0.8974,0.8913,0,0,1.7117,1.6845,2,C,C
delta,1.4,15.0,0.06,0.8974,0.8913,1,0,1.6649,1.6677,2,C,C
delta,1.4,15.0,0.06,0.8974,0.8913,1,1,1.6521,1.6723,2,C,C
delta,1.4,15.0,0.06,0.8974,0.8913,1,2,1.7025,1.6822,2,C,C
delta,1.4,15.0,0.06,0.8974,0.8913,1,3,1.6962,1.6811,2,C,C
delta,1.4,15.0,0.06,0.8974,0.8913,1,4,1.676,1.6725,2,C,C
delta,1.4,15.0,0.1,1.4957,1.419,0,0,1.581,1.6352,1,,C
delta,1.4,15.0,0.1,1.4957,1.419,1,0,1.5584,1.6138,1,,C
delta,1.4,15.0,0.1,1.4957,1.419,1,1,1.5749,1.629,1,,C
delta,1.4,15.0,0.1,1.4957,1.419,1,2,1.5695,1.6311,1,,C
delta,1.4,15.0,0.1,1.4957,1.419,1,3,1.5882,1.6404,1,,C
delta,1.4,15.0,0.1,1.4957,1.419,1,4,1.6035,1.6403,1,,C
delta,1.4,15.0,0.15,2.2436,1.484,0,0,1.6602,1.7525,2,C,C
delta,1.4,15.0,0.15,2.2436,1.484,1,0,1.6536,1.7477,2,C,C
delta,1.4,15.0,0.15,2.2436,1.484,1,1,1.6828,1.7575,2,C,C
delta,1.4,15.0,0.15,2.2436,1.484,1,2,1.6668,1.7551,2,C,C
delta,1.4,15.0,0.15,2.2436,1.484,1,3,1.6709,1.7635,2,C,C
delta,1.4,15.0,0.15,2.2436,1.484,1,4,1.636,1.7291,2,C,C
delta,1.4,15.0,0.25,3.7394,1.535,0,0,1.7946,1.8291,2,C,C
delta,1.4,15.0,0.25,3.7394,1.535,1,0,1.8092,1.8343,2,C,C
delta,1.4,15.0,0.25,3.7394,1.535,1,1,1.7642,1.8275,2,C,C
delta,1.4,15.0,0.25,3.7394,1.535,1,2,1.818,1.8286,2,C,C
delta,1.4,15.0,0.25,3.7394,1.535,1,3,1.7673,1.8289,2,C,C
delta,1.4,15.0,0.25,3.7394,1.535,1,4,1.8237,1.8371,2,C,C
delta,1.4,15.0,0.4,5.983,1.5947,0,0,1.4772,1.3056,0,,
delta,1.4,15.0,0.4,5.983,1.5947,1,0,1.4803,1.3046,0,,
delta,1.4,15.0,0.4,5.983,1.5947,1,1,1.4792,1.3057,0,,
delta,1.4,15.0,0.4,5.983,1.5947,1,2,1.4736,1.3071,0,,
delta,1.4,15.0,0.4,5.983,1.5947,1,3,1.4795,1.307,0,,
delta,1.4,15.0,0.4,5.983,1.5947,1,4,1.4748,1.3053,0,,
delta,1.4,15.0,0.54,8.077,1.6402,0,0,1.469,1.2984,0,,
delta,1.4,15.0,0.54,8.077,1.6402,1,0,1.4696,1.2977,0,,
delta,1.4,15.0,0.54,8.077,1.6402,1,1,1.4675,1.2995,0,,
delta,1.4,15.0,0.54,8.077,1.6402,1,2,1.468,1.2993,0,,
delta,1.4,15.0,0.54,8.077,1.6402,1,3,1.4676,1.2978,0,,
delta,1.4,15.0,0.54,8.077,1.6402,1,4,1.4675,1.299,0,,
speed,1.8,4.0,0.4,0.4255,0.5004,0,0,0.4,0.6084,7,B|C|D|E,B|C|E
speed,1.8,4.0,0.4,0.4255,0.5004,1,0,0.4,0.6088,7,B|C|D|E,B|C|E
speed,1.8,4.0,0.4,0.4255,0.5004,1,1,0.4,0.6062,7,B|C|D|E,B|C|E
speed,1.8,4.0,0.4,0.4255,0.5004,1,2,0.4,0.6093,7,B|C|D|E,B|C|E
speed,1.8,4.0,0.4,0.4255,0.5004,1,3,0.4,0.6081,7,B|C|D|E,B|C|E
speed,1.8,4.0,0.4,0.4255,0.5004,1,4,0.4,0.6071,7,B|C|D|E,B|C|E
speed,1.8,6.0,0.4,0.9573,0.9655,0,0,1.4401,1.5264,2,C,C
speed,1.8,6.0,0.4,0.9573,0.9655,1,0,1.3339,1.1781,1,C,
speed,1.8,6.0,0.4,0.9573,0.9655,1,1,1.3651,1.3958,2,C,C
speed,1.8,6.0,0.4,0.9573,0.9655,1,2,1.363,1.1696,2,C,C
speed,1.8,6.0,0.4,0.9573,0.9655,1,3,1.2044,1.1738,2,C,C
speed,1.8,6.0,0.4,0.9573,0.9655,1,4,1.2278,1.1558,3,C,C|E
speed,1.8,8.0,0.4,1.7018,1.5499,0,0,1.8263,1.852,2,C,C
speed,1.8,8.0,0.4,1.7018,1.5499,1,0,1.8154,1.7353,1,C,
speed,1.8,8.0,0.4,1.7018,1.5499,1,1,1.8198,1.837,2,C,C
speed,1.8,8.0,0.4,1.7018,1.5499,1,2,1.8239,1.7442,1,C,
speed,1.8,8.0,0.4,1.7018,1.5499,1,3,1.83,1.7495,1,C,
speed,1.8,8.0,0.4,1.7018,1.5499,1,4,1.8371,1.7398,1,C,
speed,1.8,10.0,0.4,2.6591,1.698,0,0,1.7933,1.7111,0,,
speed,1.8,10.0,0.4,2.6591,1.698,1,0,1.7925,1.7088,0,,
speed,1.8,10.0,0.4,2.6591,1.698,1,1,1.7937,1.7114,0,,
speed,1.8,10.0,0.4,2.6591,1.698,1,2,1.7951,1.7157,0,,
speed,1.8,10.0,0.4,2.6591,1.698,1,3,1.7936,1.7114,0,,
speed,1.8,10.0,0.4,2.6591,1.698,1,4,1.793,1.7123,0,,
speed,1.8,13.0,0.4,4.4939,1.8335,0,0,1.8403,1.6929,1,,C
speed,1.8,13.0,0.4,4.4939,1.8335,1,0,1.84,1.6947,0,,
speed,1.8,13.0,0.4,4.4939,1.8335,1,1,1.8393,1.6936,0,,
speed,1.8,13.0,0.4,4.4939,1.8335,1,2,1.8418,1.6954,1,,C
speed,1.8,13.0,0.4,4.4939,1.8335,1,3,1.8425,1.6969,0,,
speed,1.8,13.0,0.4,4.4939,1.8335,1,4,1.8429,1.6913,1,,C
speed,1.8,15.0,0.4,5.983,1.9299,0,0,1.8693,1.6835,0,,
speed,1.8,15.0,0.4,5.983,1.9299,1,0,1.8741,1.6853,0,,
speed,1.8,15.0,0.4,5.983,1.9299,1,1,1.873,1.6857,0,,
speed,1.8,15.0,0.4,5.983,1.9299,1,2,1.8728,1.6895,0,,
speed,1.8,15.0,0.4,5.983,1.9299,1,3,1.874,1.6871,0,,
speed,1.8,15.0,0.4,5.983,1.9299,1,4,1.8746,1.6871,0,,
speed,1.8,20.0,0.4,10.6364,2.1776,0,0,1.9128,1.687,0,,
speed,1.8,20.0,0.4,10.6364,2.1776,1,0,1.9162,1.6852,0,,
speed,1.8,20.0,0.4,10.6364,2.1776,1,1,1.9042,1.6886,0,,
speed,1.8,20.0,0.4,10.6364,2.1776,1,2,1.908,1.6899,0,,
speed,1.8,20.0,0.4,10.6364,2.1776,1,3,1.8944,1.6892,0,,
speed,1.8,20.0,0.4,10.6364,2.1776,1,4,1.9129,1.6883,0,,
delta,1.8,15.0,0.03,0.4487,0.4472,0,0,2.0,1.7836,3,C|D,C
delta,1.8,15.0,0.03,0.4487,0.4472,1,0,0.5759,0.6732,2,E,C
delta,1.8,15.0,0.03,0.4487,0.4472,1,1,0.6047,1.5952,2,E,E
delta,1.8,15.0,0.03,0.4487,0.4472,1,2,0.6219,1.5179,2,E,E
delta,1.8,15.0,0.03,0.4487,0.4472,1,3,0.6564,1.6115,2,E,C
delta,1.8,15.0,0.03,0.4487,0.4472,1,4,1.4257,1.628,2,E,C
delta,1.8,15.0,0.06,0.8974,0.8929,0,0,2.0,2.0,3,D,C|D
delta,1.8,15.0,0.06,0.8974,0.8929,1,0,1.3064,2.0,3,C,C|D
delta,1.8,15.0,0.06,0.8974,0.8929,1,1,1.3077,2.0,3,C,C|D
delta,1.8,15.0,0.06,0.8974,0.8929,1,2,1.3403,2.0,3,C,C|D
delta,1.8,15.0,0.06,0.8974,0.8929,1,3,2.0,2.0,4,C|D,C|D
delta,1.8,15.0,0.06,0.8974,0.8929,1,4,2.0,2.0,4,C|D,C|D
delta,1.8,15.0,0.1,1.4957,1.4745,0,0,2.0,2.0,2,D,D
delta,1.8,15.0,0.1,1.4957,1.4745,1,0,1.9169,2.0,1,,D
delta,1.8,15.0,0.1,1.4957,1.4745,1,1,1.8971,2.0,1,,D
delta,1.8,15.0,0.1,1.4957,1.4745,1,2,1.9296,2.0,1,,D
delta,1.8,15.0,0.1,1.4957,1.4745,1,3,2.0,2.0,2,D,D
delta,1.8,15.0,0.1,1.4957,1.4745,1,4,2.0,2.0,2,D,D
delta,1.8,15.0,0.15,2.2436,1.8296,0,0,1.9492,2.0,1,,D
delta,1.8,15.0,0.15,2.2436,1.8296,1,0,1.9388,2.0,1,,D
delta,1.8,15.0,0.15,2.2436,1.8296,1,1,1.9497,2.0,1,,D
delta,1.8,15.0,0.15,2.2436,1.8296,1,2,1.9625,2.0,1,,D
delta,1.8,15.0,0.15,2.2436,1.8296,1,3,1.96,2.0,1,,D
delta,1.8,15.0,0.15,2.2436,1.8296,1,4,1.9752,2.0,1,,D
delta,1.8,15.0,0.25,3.7394,1.8748,0,0,2.0,2.0,2,D,D
delta,1.8,15.0,0.25,3.7394,1.8748,1,0,2.0,2.0,2,D,D
delta,1.8,15.0,0.25,3.7394,1.8748,1,1,2.0,2.0,2,D,D
delta,1.8,15.0,0.25,3.7394,1.8748,1,2,2.0,2.0,2,D,D
delta,1.8,15.0,0.25,3.7394,1.8748,1,3,2.0,2.0,2,D,D
delta,1.8,15.0,0.25,3.7394,1.8748,1,4,2.0,2.0,2,D,D
delta,1.8,15.0,0.4,5.983,1.9299,0,0,1.8693,1.6835,0,,
delta,1.8,15.0,0.4,5.983,1.9299,1,0,1.8741,1.6853,0,,
delta,1.8,15.0,0.4,5.983,1.9299,1,1,1.873,1.6857,0,,
delta,1.8,15.0,0.4,5.983,1.9299,1,2,1.8728,1.6895,0,,
delta,1.8,15.0,0.4,5.983,1.9299,1,3,1.874,1.6871,0,,
delta,1.8,15.0,0.4,5.983,1.9299,1,4,1.8746,1.6871,0,,
delta,1.8,15.0,0.54,8.077,1.9725,0,0,1.866,1.6762,0,,
delta,1.8,15.0,0.54,8.077,1.9725,1,0,1.8688,1.6755,0,,
delta,1.8,15.0,0.54,8.077,1.9725,1,1,1.8779,1.6947,0,,
delta,1.8,15.0,0.54,8.077,1.9725,1,2,1.8686,1.6815,0,,
delta,1.8,15.0,0.54,8.077,1.9725,1,3,1.8709,1.6872,0,,
delta,1.8,15.0,0.54,8.077,1.9725,1,4,1.8628,1.6748,0,,
