axle,fz_N,nominal_source,mu,B,C,D,E,alpha_rad,fy_identified_N,fy_nominal_N
front,1372.8686,carla_physx,0.699999988079071,4.445899963378906,1.458400011062622,2.0,-2.513400077819824,-0.2,-2668.5440742029464,-961.0080097742479
front,1372.8686,carla_physx,0.699999988079071,4.445899963378906,1.458400011062622,2.0,-2.513400077819824,-0.19798994974874373,-2661.7358933287233,-961.0080097742479
front,1372.8686,carla_physx,0.699999988079071,4.445899963378906,1.458400011062622,2.0,-2.513400077819824,-0.19597989949748745,-2654.555855685994,-961.0080097742479
front,1372.8686,carla_physx,0.699999988079071,4.445899963378906,1.458400011062622,2.0,-2.513400077819824,-0.19396984924623117,-2646.994060436072,-961.0080097742479
front,1372.8686,carla_physx,0.699999988079071,4.445899963378906,1.458400011062622,2.0,-2.513400077819824,-0.1919597989949749,-2639.040614735504,-961.0080097742479
front,1372.8686,carla_physx,0.699999988079071,4.445899963378906,1.458400011062622,2.0,-2.513400077819824,-0.18994974874371862,-2630.6856546185577,-961.0080097742479
front,1372.8686,carla_physx,0.699999988079071,4.445899963378906,1.458400011062622,2.0,-2.513400077819824,-0.1879396984924623,-2621.919367107206,-961.0080097742479
front,1372.8686,carla_physx,0.699999988079071,4.445899963378906,1.458400011062622,2.0,-2.513400077819824,-0.18592964824120603,-2612.732013533952,-961.0080097742479
front,1372.8686,carla_physx,0.699999988079071,4.445899963378906,1.458400011062622,2.0,-2.513400077819824,-0.18391959798994975,-2603.113954053483,-961.0080097742479
front,1372.8686,carla_physx,0.699999988079071,4.445899963378906,1.458400011062622,2.0,-2.513400077819824,-0.18190954773869347,-2593.055673309112,-961.0080097742479
front,1372.8686,carla_physx,0.699999988079071,4.445899963378906,1.458400011062622,2.0,-2.513400077819824,-0.1798994974874372,-2582.5478072091923,-961.0080097742479
front,1372.8686,carla_physx,0.699999988079071,4.445899963378906,1.458400011062622,2.0,-2.513400077819824,-0.17788944723618091,-2571.581170757344,-961.0080097742479
front,1372.8686,carla_physx,0.699999988079071,4.445899963378906,1.458400011062622,2.0,-2.513400077819824,-0.17587939698492464,-2560.1467868683076,-961.0080097742479
front,1372.8686,carla_physx,0.699999988079071,4.445899963378906,1.458400011062622,2.0,-2.513400077819824,-0.17386934673366836,-2548.235916088786,-961.0080097742479
front,1372.8686,carla_physx,0.699999988079071,4.445899963378906,1.458400011062622,2.0,-2.513400077819824,-0.17185929648241208,-2535.8400871296776,-961.0080097742479
front,1372.8686,carla_physx,0.699999988079071,4.445899963378906,1.458400011062622,2.0,-2.513400077819824,-0.1698492462311558,-2522.9511281028667,-961.0080097742479
front,1372.8686,carla_physx,0.699999988079071,4.445899963378906,1.458400011062622,2.0,-2.513400077819824,-0.1678391959798995,-2509.5611983422705,-961.0080097742479
front,1372.8686,carla_physx,0.699999988079071,4.445899963378906,1.458400011062622,2.0,-2.513400077819824,-0.1658291457286432,-2495.662820675307,-961.0080097742479
front,1372.8686,carla_physx,0.699999988079071,4.445899963378906,1.458400011062622,2.0,-2.513400077819824,-0.16381909547738693,-2481.248913997489,-961.0080097742479
front,1372.8686,carla_physx,0.699999988079071,4.445899963378906,1.458400011062622,2.0,-2.513400077819824,-0.16180904522613065,-2466.3128259896475,-961.0080097742479
front,1372.8686,carla_physx,0.699999988079071,4.445899963378906,1.458400011062622,2.0,-2.513400077819824,-0.15979899497487438,-2450.848365804486,-961.0080097742479
front,1372.8686,carla_physx,0.699999988079071,4.445899963378906,1.458400011062622,2.0,-2.513400077819824,-0.1577889447236181,-2434.8498365370174,-961.0080097742479
front,1372.8686,carla_physx,0.699999988079071,4.445899963378906,1.458400011062622,2.0,-2.513400077819824,-0.15577889447236182,-2418.3120672820596,-961.0080097742479
front,1372.8686,carla_physx,0.699999988079071,4.445899963378906,1.458400011062622,2.0,-2.513400077819824,-0.15376884422110554,-2401.230444571674,-961.0080097742479
front,1372.8686,carla_physx,0.699999988079071,4.445899963378906,1.458400011062622,2.0,-2.513400077819824,-0.15175879396984926,-2383.6009429763176,-961.0080097742479
front,1372.8686,carla_physx,0.699999988079071,4.445899963378906,1.458400011062622,2.0,-2.513400077819824,-0.14974874371859298,-2365.420154645887,-961.0080097742479
front,1372.8686,carla_physx,0.699999988079071,4.445899963378906,1.458400011062622,2.0,-2.513400077819824,-0.1477386934673367,-2346.685317560871,-961.0080097742479
front,1372.8686,carla_physx,0.699999988079071,4.445899963378906,1.458400011062622,2.0,-2.513400077819824,-0.14572864321608042,-2327.3943422597495,-961.0080097742479
front,1372.8686,carla_physx,0.699999988079071,4.445899963378906,1.458400011062622,2.0,-2.513400077819824,-0.14371859296482414,-2307.545836806781,-961.0080097742479
front,1372.8686,carla_physx,0.699999988079071,4.445899963378906,1.458400011062622,2.0,-2.513400077819824,-0.14170854271356784,-2287.139129764581,-961.0080097742479
front,1372.8686,carla_physx,0.699999988079071,4.445899963378906,1.458400011062622,2.0,-2.513400077819824,-0.13969849246231156,-2266.174290938512,-961.0080097742479
front,1372.8686,carla_physx,0.699999988079071,4.445899963378906,1.458400011062622,2.0,-2.513400077819824,-0.13768844221105528,-2244.6521496651544,-961.0080097742479
front,1372.8686,carla_physx,0.699999988079071,4.445899963378906,1.458400011062622,2.0,-2.513400077819824,-0.135678391959799,-2222.574310424923,-960.9995780350652
front,1372.8686,carla_physx,0.699999988079071,4.445899963378906,1.458400011062622,2.0,-2.513400077819824,-0.13366834170854272,-2199.9431655694734,-960.9303758682761
front,1372.8686,carla_physx,0.699999988079071,4.445899963378906,1.458400011062622,2.0,-2.513400077819824,-0.13165829145728644,-2176.761904967825,-960.8036982308693
front,1372.8686,carla_physx,0.699999988079071,4.445899963378906,1.458400011062622,2.0,-2.513400077819824,-0.12964824120603013,-2153.034522391152,-960.6021028138708
front,1372.8686,carla_physx,0.699999988079071,4.445899963378906,1.458400011062622,2.0,-2.513400077819824,-0.12763819095477386,-2128.76581847491,-960.308200702107
front,1372.8686,carla_physx,0.699999988079071,4.445899963378906,1.458400011062622,2.0,-2.513400077819824,-0.12562814070351758,-2103.9614001182154,-959.9046548228282
front,1372.8686,carla_physx,0.699999988079071,4.445899963378906,1.458400011062622,2.0,-2.513400077819824,-0.12361809045226131,-2078.627676204126,-959.3741784033689
front,1372.8686,carla_physx,0.699999988079071,4.445899963378906,1.458400011062622,2.0,-2.513400077819824,-0.12160804020100503,-2052.771849550387,-958.6995334376221
front,1372.8686,carla_physx,0.699999988079071,4.445899963378906,1.458400011062622,2.0,-2.513400077819824,-0.11959798994974874,-2026.4019050281279,-957.8635291611225
front,1372.8686,carla_physx,0.699999988079071,4.445899963378906,1.458400011062622,2.0,-2.513400077819824,-0.11758793969849246,-1999.5265938156708,-956.8490205345211
front,1372.8686,carla_physx,0.699999988079071,4.445899963378906,1.458400011062622,2.0,-2.513400077819824,-0.11557788944723618,-1972.1554137855655,-955.6389067352377
front,1372.8686,carla_physx,0.699999988079071,4.445899963378906,1.458400011062622,2.0,-2.513400077819824,-0.1135678391959799,-1944.2985860550755,-954.2161296570976
front,1372.8686,carla_physx,0.699999988079071,4.445899963378906,1.458400011062622,2.0,-2.513400077819824,-0.11155778894472362,-1915.9670277629984,-952.56367241773
front,1372.8686,carla_physx,0.699999988079071,4.445899963378906,1.458400011062622,2.0,-2.513400077819824,-0.10954773869346734,-1887.1723211686303,-950.6645578735342
front,1372.8686,carla_physx,0.699999988079071,4.445899963378906,1.458400011062622,2.0,-2.513400077819824,-0.10753768844221105,-1857.9266792013925,-948.5018471420051
front,1372.8686,carla_physx,0.699999988079071,4.445899963378906,1.458400011062622,2.0,-2.513400077819824,-0.10552763819095477,-1828.2429076217595,-946.0586381312211
front,1372.8686,carla_physx,0.699999988079071,4.445899963378906,1.458400011062622,2.0,-2.513400077819824,-0.1035175879396985,-1798.1343639851234,-943.3180640762891
front,1372.8686,carla_physx,0.699999988079071,4.445899963378906,1.458400011062622,2.0,-2.513400077819824,-0.10150753768844221,-1767.6149136297947,-940.2632920825558
front,1372.8686,carla_physx,0.699999988079071,4.445899963378906,1.458400011062622,2.0,-2.513400077819824,-0.09949748743718594,-1736.6988829379734,-936.8775216753813
front,1372.8686,carla_physx,0.699999988079071,4.445899963378906,1.458400011062622,2.0,-2.513400077819824,-0.09748743718592964,-1705.4010101438962,-933.1439833562823
front,1372.8686,carla_physx,0.699999988079071,4.445899963378906,1.458400011062622,2.0,-2.513400077819824,-0.09547738693467336,-1673.7363939861236,-929.0459371652557
front,1372.8686,carla_physx,0.699999988079071,4.445899963378906,1.458400011062622,2.0,-2.513400077819824,-0.09346733668341708,-1641.72044052074,-924.5666712490809
front,1372.8686,carla_physx,0.699999988079071,4.445899963378906,1.458400011062622,2.0,-2.513400077819824,-0.0914572864321608,-1609.3688084288885,-919.6895004354175
front,1372.8686,carla_physx,0.699999988079071,4.445899963378906,1.458400011062622,2.0,-2.513400077819824,-0.08944723618090453,-1576.6973531652804,-914.3977648125057
front,1372.8686,carla_physx,0.699999988079071,4.445899963378906,1.458400011062622,2.0,-2.513400077819824,-0.08743718592964825,-1543.7220703040327,-908.674828314279
front,1372.8686,carla_physx,0.699999988079071,4.445899963378906,1.458400011062622,2.0,-2.513400077819824,-0.08542713567839195,-1510.4590384442224,-902.5040773107053
front,1372.8686,carla_physx,0.699999988079071,4.445899963378906,1.458400011062622,2.0,-2.513400077819824,-0.08341708542713568,-1476.9243620399193,-895.868919203167
front,1372.8686,carla_physx,0.699999988079071,4.445899963378906,1.458400011062622,2.0,-2.513400077819824,-0.0814070351758794,-1443.1341145182002,-888.7527810246964
front,1372.8686,carla_physx,0.699999988079071,4.445899963378906,1.458400011062622,2.0,-2.513400077819824,-0.07939698492462312,-1409.1042820437826,-881.1391080448832
front,1372.8686,carla_physx,0.699999988079071,4.445899963378906,1.458400011062622,2.0,-2.513400077819824,-0.07738693467336684,-1374.8507082806598,-873.011362379269
front,1372.8686,carla_physx,0.699999988079071,4.445899963378906,1.458400011062622,2.0,-2.513400077819824,-0.07537688442211055,-1340.38904048958,-864.3530216030492
front,1372.8686,carla_physx,0.699999988079071,4.445899963378906,1.458400011062622,2.0,-2.513400077819824,-0.07336683417085427,-1305.7346772857027,-855.1475773688984
front,1372.8686,carla_physx,0.699999988079071,4.445899963378906,1.458400011062622,2.0,-2.513400077819824,-0.07135678391959799,-1270.902718363477,-845.3785340287438
front,1372.8686,carla_physx,0.699999988079071,4.445899963378906,1.458400011062622,2.0,-2.513400077819824,-0.06934673366834171,-1235.9079164760897,-835.0294072593024
front,1372.8686,carla_physx,0.699999988079071,4.445899963378906,1.458400011062622,2.0,-2.513400077819824,-0.06733668341708543,-1200.7646319350154,-824.0837226912076
front,1372.8686,carla_physx,0.699999988079071,4.445899963378906,1.458400011062622,2.0,-2.513400077819824,-0.06532663316582915,-1165.4867898716425,-812.525014541547
front,1372.8686,carla_physx,0.699999988079071,4.445899963378906,1.458400011062622,2.0,-2.513400077819824,-0.06331658291457287,-1130.0878404779703,-800.3368242496331
front,1372.8686,carla_physx,0.699999988079071,4.445899963378906,1.458400011062622,2.0,-2.513400077819824,-0.06130653266331659,-1094.5807224173743,-787.502699115834
front,1372.8686,carla_physx,0.699999988079071,4.445899963378906,1.458400011062622,2.0,-2.513400077819824,-0.059296482412060286,-1058.97782956977,-774.0061909432876
front,1372.8686,carla_physx,0.699999988079071,4.445899963378906,1.458400011062622,2.0,-2.513400077819824,-0.05728643216080401,-1023.29098124848,-759.8308546823248
front,1372.8686,carla_physx,0.699999988079071,4.445899963378906,1.458400011062622,2.0,-2.513400077819824,-0.05527638190954773,-987.5313959991081,-744.9602470774283
front,1372.8686,carla_physx,0.699999988079071,4.445899963378906,1.458400011062622,2.0,-2.513400077819824,-0.05326633165829145,-951.7096690640346,-729.3779253165559
front,1372.8686,carla_physx,0.699999988079071,4.445899963378906,1.458400011062622,2.0,-2.513400077819824,-0.05125628140703517,-915.8357535700512,-713.0674456826528
front,1372.8686,carla_physx,0.699999988079071,4.445899963378906,1.458400011062622,2.0,-2.513400077819824,-0.04924623115577889,-879.9189454713961,-696.0123622071842
front,1372.8686,carla_physx,0.699999988079071,4.445899963378906,1.458400011062622,2.0,-2.513400077819824,-0.04723618090452261,-843.967872256306,-678.196225325516
front,1372.8686,carla_physx,0.699999988079071,4.445899963378906,1.458400011062622,2.0,-2.513400077819824,-0.04522613065326633,-807.9904854022699,-659.6025805339709
front,1372.8686,carla_physx,0.699999988079071,4.445899963378906,1.458400011062622,2.0,-2.513400077819824,-0.043216080402010054,-771.9940565437175,-640.2149670483949
front,1372.8686,carla_physx,0.699999988079071,4.445899963378906,1.458400011062622,2.0,-2.513400077819824,-0.041206030150753775,-735.9851772958964,-620.0169164640578
front,1372.8686,carla_physx,0.699999988079071,4.445899963378906,1.458400011062622,2.0,-2.513400077819824,-0.03919597989949747,-699.9697626604121,-598.9919514167245
front,1372.8686,carla_physx,0.699999988079071,4.445899963378906,1.458400011062622,2.0,-2.513400077819824,-0.03718592964824119,-663.9530579212237,-577.1235842447264
front,1372.8686,carla_physx,0.699999988079071,4.445899963378906,1.458400011062622,2.0,-2.513400077819824,-0.03517587939698491,-627.9396489249677,-554.3953156518594
front,1372.8686,carla_physx,0.699999988079071,4.445899963378906,1.458400011062622,2.0,-2.513400077819824,-0.03316582914572863,-591.9334756262211,-530.7906333709501
front,1372.8686,carla_physx,0.699999988079071,4.445899963378906,1.458400011062622,2.0,-2.513400077819824,-0.031155778894472352,-555.9378487667082,-506.29301082791324
front,1372.8686,carla_physx,0.699999988079071,4.445899963378906,1.458400011062622,2.0,-2.513400077819824,-0.029145728643216073,-519.9554695474478,-480.88590580613857
front,1372.8686,carla_physx,0.699999988079071,4.445899963378906,1.458400011062622,2.0,-2.513400077819824,-0.027135678391959794,-483.988452144367,-454.55275911103615
front,1372.8686,carla_physx,0.699999988079071,4.445899963378906,1.458400011062622,2.0,-2.513400077819824,-0.025125628140703515,-448.03834891081885,-427.27699323457585
front,1372.8686,carla_physx,0.699999988079071,4.445899963378906,1.458400011062622,2.0,-2.513400077819824,-0.023115577889447236,-412.1061781047056,-399.04201101965145
front,1372.8686,carla_physx,0.699999988079071,4.445899963378906,1.458400011062622,2.0,-2.513400077819824,-0.021105527638190957,-376.19245397334674,-369.8311943241052
front,1372.8686,carla_physx,0.699999988079071,4.445899963378906,1.458400011062622,2.0,-2.513400077819824,-0.01909547738693468,-340.2972190257355,-339.62790268424277
front,1372.8686,carla_physx,0.699999988079071,4.445899963378906,1.458400011062622,2.0,-2.513400077819824,-0.01708542713567837,-304.4200783192708,-308.4154719776756
front,1372.8686,carla_physx,0.699999988079071,4.445899963378906,1.458400011062622,2.0,-2.513400077819824,-0.015075376884422093,-268.5602355862981,-276.1772130853225
front,1372.8686,carla_physx,0.699999988079071,4.445899963378906,1.458400011062622,2.0,-2.513400077819824,-0.013065326633165814,-232.71653102469995,-242.89641055240045
front,1372.8686,carla_physx,0.699999988079071,4.445899963378906,1.458400011062622,2.0,-2.513400077819824,-0.011055276381909535,-196.88748057624244,-208.5563212482454
front,1372.8686,carla_physx,0.699999988079071,4.445899963378906,1.458400011062622,2.0,-2.513400077819824,-0.009045226130653256,-161.0713165162509,-173.14017302479013
front,1372.8686,carla_physx,0.699999988079071,4.445899963378906,1.458400011062622,2.0,-2.513400077819824,-0.0070351758793969765,-125.26602917837269,-136.63116337353463
front,1372.8686,carla_physx,0.699999988079071,4.445899963378906,1.458400011062622,2.0,-2.513400077819824,-0.0050251256281406975,-89.46940963856872,-99.0124580808428
front,1372.8686,carla_physx,0.699999988079071,4.445899963378906,1.458400011062622,2.0,-2.513400077819824,-0.0030150753768844185,-53.679093182960386,-60.26718988139748
front,1372.8686,carla_physx,0.699999988079071,4.445899963378906,1.458400011062622,2.0,-2.513400077819824,-0.0010050251256281395,-17.892603384677663,-20.378457109647112
front,1372.8686,carla_physx,0.699999988079071,4.445899963378906,1.458400011062622,2.0,-2.513400077819824,0.0010050251256281395,17.892603384677663,20.378457109647112
front,1372.8686,carla_physx,0.699999988079071,4.445899963378906,1.458400011062622,2.0,-2.513400077819824,0.0030150753768844185,53.679093182960386,60.26718988139748
front,1372.8686,carla_physx,0.699999988079071,4.445899963378906,1.458400011062622,2.0,-2.513400077819824,0.005025125628140725,89.46940963856922,99.01245808084333
front,1372.8686,carla_physx,0.699999988079071,4.445899963378906,1.458400011062622,2.0,-2.513400077819824,0.007035175879397004,125.26602917837319,136.63116337353517
front,1372.8686,carla_physx,0.699999988079071,4.445899963378906,1.458400011062622,2.0,-2.513400077819824,0.009045226130653283,161.07131651625141,173.1401730247906
front,1372.8686,carla_physx,0.699999988079071,4.445899963378906,1.458400011062622,2.0,-2.513400077819824,0.011055276381909562,196.88748057624292,208.55632124824592
front,1372.8686,carla_physx,0.699999988079071,4.445899963378906,1.458400011062622,2.0,-2.513400077819824,0.013065326633165841,232.71653102470043,242.89641055240094
front,1372.8686,carla_physx,0.699999988079071,4.445899963378906,1.458400011062622,2.0,-2.513400077819824,0.01507537688442212,268.5602355862986,276.17721308532293
front,1372.8686,carla_physx,0.699999988079071,4.445899963378906,1.458400011062622,2.0,-2.513400077819824,0.0170854271356784,304.42007831927117,308.415471977676
front,1372.8686,carla_physx,0.699999988079071,4.445899963378906,1.458400011062622,2.0,-2.513400077819824,0.01909547738693468,340.2972190257355,339.62790268424277
front,1372.8686,carla_physx,0.699999988079071,4.445899963378906,1.458400011062622,2.0,-2.513400077819824,0.021105527638190957,376.19245397334674,369.8311943241052
front,1372.8686,carla_physx,0.699999988079071,4.445899963378906,1.458400011062622,2.0,-2.513400077819824,0.023115577889447236,412.1061781047056,399.04201101965145
front,1372.8686,carla_physx,0.699999988079071,4.445899963378906,1.458400011062622,2.0,-2.513400077819824,0.025125628140703515,448.03834891081885,427.27699323457585
front,1372.8686,carla_physx,0.699999988079071,4.445899963378906,1.458400011062622,2.0,-2.513400077819824,0.027135678391959822,483.9884521443675,454.55275911103655
front,1372.8686,carla_physx,0.699999988079071,4.445899963378906,1.458400011062622,2.0,-2.513400077819824,0.0291457286432161,519.9554695474482,480.885905806139
front,1372.8686,carla_physx,0.699999988079071,4.445899963378906,1.458400011062622,2.0,-2.513400077819824,0.03115577889447238,555.9378487667086,506.29301082791363
front,1372.8686,carla_physx,0.699999988079071,4.445899963378906,1.458400011062622,2.0,-2.513400077819824,0.03316582914572866,591.9334756262218,530.7906333709504
front,1372.8686,carla_physx,0.699999988079071,4.445899963378906,1.458400011062622,2.0,-2.513400077819824,0.03517587939698494,627.9396489249682,554.3953156518598
front,1372.8686,carla_physx,0.699999988079071,4.445899963378906,1.458400011062622,2.0,-2.513400077819824,0.03718592964824122,663.9530579212242,577.1235842447267
front,1372.8686,carla_physx,0.699999988079071,4.445899963378906,1.458400011062622,2.0,-2.513400077819824,0.039195979899497496,699.9697626604126,598.9919514167249
front,1372.8686,carla_physx,0.699999988079071,4.445899963378906,1.458400011062622,2.0,-2.513400077819824,0.041206030150753775,735.9851772958964,620.0169164640578
front,1372.8686,carla_physx,0.699999988079071,4.445899963378906,1.458400011062622,2.0,-2.513400077819824,0.043216080402010054,771.9940565437175,640.2149670483949
front,1372.8686,carla_physx,0.699999988079071,4.445899963378906,1.458400011062622,2.0,-2.513400077819824,0.04522613065326633,807.9904854022699,659.6025805339709
front,1372.8686,carla_physx,0.699999988079071,4.445899963378906,1.458400011062622,2.0,-2.513400077819824,0.04723618090452264,843.9678722563065,678.1962253255163
front,1372.8686,carla_physx,0.699999988079071,4.445899963378906,1.458400011062622,2.0,-2.513400077819824,0.04924623115577892,879.9189454713966,696.0123622071845
front,1372.8686,carla_physx,0.699999988079071,4.445899963378906,1.458400011062622,2.0,-2.513400077819824,0.0512562814070352,915.8357535700516,713.0674456826529
front,1372.8686,carla_physx,0.699999988079071,4.445899963378906,1.458400011062622,2.0,-2.513400077819824,0.05326633165829148,951.7096690640353,729.3779253165561
front,1372.8686,carla_physx,0.699999988079071,4.445899963378906,1.458400011062622,2.0,-2.513400077819824,0.055276381909547756,987.5313959991086,744.9602470774286
front,1372.8686,carla_physx,0.699999988079071,4.445899963378906,1.458400011062622,2.0,-2.513400077819824,0.057286432160804035,1023.2909812484804,759.830854682325
front,1372.8686,carla_physx,0.699999988079071,4.445899963378906,1.458400011062622,2.0,-2.513400077819824,0.059296482412060314,1058.97782956977,774.0061909432878
front,1372.8686,carla_physx,0.699999988079071,4.445899963378906,1.458400011062622,2.0,-2.513400077819824,0.06130653266331659,1094.5807224173743,787.502699115834
front,1372.8686,carla_physx,0.699999988079071,4.445899963378906,1.458400011062622,2.0,-2.513400077819824,0.06331658291457287,1130.0878404779703,800.3368242496331
front,1372.8686,carla_physx,0.699999988079071,4.445899963378906,1.458400011062622,2.0,-2.513400077819824,0.06532663316582915,1165.4867898716425,812.525014541547
front,1372.8686,carla_physx,0.699999988079071,4.445899963378906,1.458400011062622,2.0,-2.513400077819824,0.06733668341708543,1200.7646319350154,824.0837226912076
front,1372.8686,carla_physx,0.699999988079071,4.445899963378906,1.458400011062622,2.0,-2.513400077819824,0.06934673366834171,1235.9079164760897,835.0294072593024
front,1372.8686,carla_physx,0.699999988079071,4.445899963378906,1.458400011062622,2.0,-2.513400077819824,0.07135678391959799,1270.902718363477,845.3785340287438
front,1372.8686,carla_physx,0.699999988079071,4.445899963378906,1.458400011062622,2.0,-2.513400077819824,0.07336683417085427,1305.7346772857027,855.1475773688984
front,1372.8686,carla_physx,0.699999988079071,4.445899963378906,1.458400011062622,2.0,-2.513400077819824,0.07537688442211055,1340.38904048958,864.3530216030492
front,1372.8686,carla_physx,0.699999988079071,4.445899963378906,1.458400011062622,2.0,-2.513400077819824,0.07738693467336683,1374.8507082806595,873.011362379269
front,1372.8686,carla_physx,0.699999988079071,4.445899963378906,1.458400011062622,2.0,-2.513400077819824,0.07939698492462316,1409.1042820437838,881.1391080448833
front,1372.8686,carla_physx,0.699999988079071,4.445899963378906,1.458400011062622,2.0,-2.513400077819824,0.08140703517587944,1443.1341145182007,888.7527810246964
front,1372.8686,carla_physx,0.699999988079071,4.445899963378906,1.458400011062622,2.0,-2.513400077819824,0.08341708542713572,1476.9243620399204,895.868919203167
front,1372.8686,carla_physx,0.699999988079071,4.445899963378906,1.458400011062622,2.0,-2.513400077819824,0.085427135678392,1510.4590384442233,902.5040773107054
front,1372.8686,carla_physx,0.699999988079071,4.445899963378906,1.458400011062622,2.0,-2.513400077819824,0.08743718592964828,1543.7220703040337,908.6748283142791
front,1372.8686,carla_physx,0.699999988079071,4.445899963378906,1.458400011062622,2.0,-2.513400077819824,0.08944723618090455,1576.6973531652811,914.3977648125057
front,1372.8686,carla_physx,0.699999988079071,4.445899963378906,1.458400011062622,2.0,-2.513400077819824,0.09145728643216083,1609.3688084288892,919.6895004354175
front,1372.8686,carla_physx,0.699999988079071,4.445899963378906,1.458400011062622,2.0,-2.513400077819824,0.09346733668341711,1641.7204405207403,924.566671249081
front,1372.8686,carla_physx,0.699999988079071,4.445899963378906,1.458400011062622,2.0,-2.513400077819824,0.09547738693467339,1673.7363939861243,929.0459371652557
front,1372.8686,carla_physx,0.699999988079071,4.445899963378906,1.458400011062622,2.0,-2.513400077819824,0.09748743718592967,1705.4010101438967,933.1439833562827
front,1372.8686,carla_physx,0.699999988079071,4.445899963378906,1.458400011062622,2.0,-2.513400077819824,0.09949748743718595,1736.6988829379736,936.8775216753811
front,1372.8686,carla_physx,0.699999988079071,4.445899963378906,1.458400011062622,2.0,-2.513400077819824,0.10150753768844223,1767.614913629795,940.2632920825561
front,1372.8686,carla_physx,0.699999988079071,4.445899963378906,1.458400011062622,2.0,-2.513400077819824,0.10351758793969851,1798.1343639851236,943.3180640762889
front,1372.8686,carla_physx,0.699999988079071,4.445899963378906,1.458400011062622,2.0,-2.513400077819824,0.10552763819095479,1828.24290762176,946.0586381312212
front,1372.8686,carla_physx,0.699999988079071,4.445899963378906,1.458400011062622,2.0,-2.513400077819824,0.10753768844221107,1857.926679201393,948.5018471420051
front,1372.8686,carla_physx,0.699999988079071,4.445899963378906,1.458400011062622,2.0,-2.513400077819824,0.10954773869346734,1887.1723211686303,950.6645578735342
front,1372.8686,carla_physx,0.699999988079071,4.445899963378906,1.458400011062622,2.0,-2.513400077819824,0.11155778894472362,1915.9670277629984,952.56367241773
front,1372.8686,carla_physx,0.699999988079071,4.445899963378906,1.458400011062622,2.0,-2.513400077819824,0.1135678391959799,1944.2985860550755,954.2161296570976
front,1372.8686,carla_physx,0.699999988079071,4.445899963378906,1.458400011062622,2.0,-2.513400077819824,0.11557788944723618,1972.1554137855655,955.6389067352377
front,1372.8686,carla_physx,0.699999988079071,4.445899963378906,1.458400011062622,2.0,-2.513400077819824,0.11758793969849246,1999.5265938156708,956.8490205345211
front,1372.8686,carla_physx,0.699999988079071,4.445899963378906,1.458400011062622,2.0,-2.513400077819824,0.11959798994974874,2026.4019050281279,957.8635291611225
front,1372.8686,carla_physx,0.699999988079071,4.445899963378906,1.458400011062622,2.0,-2.513400077819824,0.12160804020100507,2052.771849550387,958.6995334376219
front,1372.8686,carla_physx,0.699999988079071,4.445899963378906,1.458400011062622,2.0,-2.513400077819824,0.12361809045226135,2078.6276762041275,959.3741784033685
front,1372.8686,carla_physx,0.699999988079071,4.445899963378906,1.458400011062622,2.0,-2.513400077819824,0.12562814070351763,2103.961400118216,959.9046548228284
front,1372.8686,carla_physx,0.699999988079071,4.445899963378906,1.458400011062622,2.0,-2.513400077819824,0.1276381909547739,2128.7658184749102,960.3082007021073
front,1372.8686,carla_physx,0.699999988079071,4.445899963378906,1.458400011062622,2.0,-2.513400077819824,0.1296482412060302,2153.0345223911527,960.602102813871
front,1372.8686,carla_physx,0.699999988079071,4.445899963378906,1.458400011062622,2.0,-2.513400077819824,0.13165829145728647,2176.7619049678256,960.8036982308693
front,1372.8686,carla_physx,0.699999988079071,4.445899963378906,1.458400011062622,2.0,-2.513400077819824,0.13366834170854275,2199.9431655694743,960.9303758682762
front,1372.8686,carla_physx,0.699999988079071,4.445899963378906,1.458400011062622,2.0,-2.513400077819824,0.13567839195979903,2222.5743104249236,960.999578035065
front,1372.8686,carla_physx,0.699999988079071,4.445899963378906,1.458400011062622,2.0,-2.513400077819824,0.1376884422110553,2244.6521496651544,961.0080097742479
front,1372.8686,carla_physx,0.699999988079071,4.445899963378906,1.458400011062622,2.0,-2.513400077819824,0.13969849246231159,2266.174290938512,961.0080097742479
front,1372.8686,carla_physx,0.699999988079071,4.445899963378906,1.458400011062622,2.0,-2.513400077819824,0.14170854271356786,2287.1391297645814,961.0080097742479
front,1372.8686,carla_physx,0.699999988079071,4.445899963378906,1.458400011062622,2.0,-2.513400077819824,0.14371859296482414,2307.545836806781,961.0080097742479
front,1372.8686,carla_physx,0.699999988079071,4.445899963378906,1.458400011062622,2.0,-2.513400077819824,0.14572864321608042,2327.3943422597495,961.0080097742479
front,1372.8686,carla_physx,0.699999988079071,4.445899963378906,1.458400011062622,2.0,-2.513400077819824,0.1477386934673367,2346.685317560871,961.0080097742479
front,1372.8686,carla_physx,0.699999988079071,4.445899963378906,1.458400011062622,2.0,-2.513400077819824,0.14974874371859298,2365.420154645887,961.0080097742479
front,1372.8686,carla_physx,0.699999988079071,4.445899963378906,1.458400011062622,2.0,-2.513400077819824,0.15175879396984926,2383.6009429763176,961.0080097742479
front,1372.8686,carla_physx,0.699999988079071,4.445899963378906,1.458400011062622,2.0,-2.513400077819824,0.15376884422110554,2401.230444571674,961.0080097742479
front,1372.8686,carla_physx,0.699999988079071,4.445899963378906,1.458400011062622,2.0,-2.513400077819824,0.15577889447236182,2418.3120672820596,961.0080097742479
front,1372.8686,carla_physx,0.699999988079071,4.445899963378906,1.458400011062622,2.0,-2.513400077819824,0.1577889447236181,2434.8498365370174,961.0080097742479
front,1372.8686,carla_physx,0.699999988079071,4.445899963378906,1.458400011062622,2.0,-2.513400077819824,0.15979899497487438,2450.848365804486,961.0080097742479
front,1372.8686,carla_physx,0.699999988079071,4.445899963378906,1.458400011062622,2.0,-2.513400077819824,0.16180904522613065,2466.3128259896475,961.0080097742479
front,1372.8686,carla_physx,0.699999988079071,4.445899963378906,1.458400011062622,2.0,-2.513400077819824,0.16381909547738693,2481.248913997489,961.0080097742479
front,1372.8686,carla_physx,0.699999988079071,4.445899963378906,1.458400011062622,2.0,-2.513400077819824,0.16582914572864327,2495.662820675307,961.0080097742479
front,1372.8686,carla_physx,0.699999988079071,4.445899963378906,1.458400011062622,2.0,-2.513400077819824,0.16783919597989955,2509.5611983422705,961.0080097742479
front,1372.8686,carla_physx,0.699999988079071,4.445899963378906,1.458400011062622,2.0,-2.513400077819824,0.16984924623115583,2522.9511281028667,961.0080097742479
front,1372.8686,carla_physx,0.699999988079071,4.445899963378906,1.458400011062622,2.0,-2.513400077819824,0.1718592964824121,2535.8400871296776,961.0080097742479
front,1372.8686,carla_physx,0.699999988079071,4.445899963378906,1.458400011062622,2.0,-2.513400077819824,0.17386934673366838,2548.235916088786,961.0080097742479
front,1372.8686,carla_physx,0.699999988079071,4.445899963378906,1.458400011062622,2.0,-2.513400077819824,0.17587939698492466,2560.1467868683076,961.0080097742479
front,1372.8686,carla_physx,0.699999988079071,4.445899963378906,1.458400011062622,2.0,-2.513400077819824,0.17788944723618094,2571.581170757344,961.0080097742479
front,1372.8686,carla_physx,0.699999988079071,4.445899963378906,1.458400011062622,2.0,-2.513400077819824,0.17989949748743722,2582.547807209193,961.0080097742479
front,1372.8686,carla_physx,0.699999988079071,4.445899963378906,1.458400011062622,2.0,-2.513400077819824,0.1819095477386935,2593.055673309112,961.0080097742479
front,1372.8686,carla_physx,0.699999988079071,4.445899963378906,1.458400011062622,2.0,-2.513400077819824,0.18391959798994978,2603.113954053483,961.0080097742479
front,1372.8686,carla_physx,0.699999988079071,4.445899963378906,1.458400011062622,2.0,-2.513400077819824,0.18592964824120606,2612.732013533952,961.0080097742479
front,1372.8686,carla_physx,0.699999988079071,4.445899963378906,1.458400011062622,2.0,-2.513400077819824,0.18793969849246234,2621.919367107206,961.0080097742479
front,1372.8686,carla_physx,0.699999988079071,4.445899963378906,1.458400011062622,2.0,-2.513400077819824,0.18994974874371862,2630.6856546185577,961.0080097742479
front,1372.8686,carla_physx,0.699999988079071,4.445899963378906,1.458400011062622,2.0,-2.513400077819824,0.1919597989949749,2639.040614735504,961.0080097742479
front,1372.8686,carla_physx,0.699999988079071,4.445899963378906,1.458400011062622,2.0,-2.513400077819824,0.19396984924623117,2646.994060436072,961.0080097742479
front,1372.8686,carla_physx,0.699999988079071,4.445899963378906,1.458400011062622,2.0,-2.513400077819824,0.19597989949748745,2654.555855685994,961.0080097742479
front,1372.8686,carla_physx,0.699999988079071,4.445899963378906,1.458400011062622,2.0,-2.513400077819824,0.19798994974874373,2661.7358933287233,961.0080097742479
front,1372.8686,carla_physx,0.699999988079071,4.445899963378906,1.458400011062622,2.0,-2.513400077819824,0.2,2668.5440742029464,961.0080097742479
rear,1274.2618,carla_physx,0.699999988079071,4.502099990844727,1.4839999675750732,2.0,-1.648800015449524,-0.2,-2445.535819081969,-891.9832386694987
rear,1274.2618,carla_physx,0.699999988079071,4.502099990844727,1.4839999675750732,2.0,-1.648800015449524,-0.19798994974874373,-2438.3567841186305,-891.9832386694987
rear,1274.2618,carla_physx,0.699999988079071,4.502099990844727,1.4839999675750732,2.0,-1.648800015449524,-0.19597989949748745,-2430.860288565508,-891.9832386694987
rear,1274.2618,carla_physx,0.699999988079071,4.502099990844727,1.4839999675750732,2.0,-1.648800015449524,-0.19396984924623117,-2423.0393046988625,-891.9832386694987
rear,1274.2618,carla_physx,0.699999988079071,4.502099990844727,1.4839999675750732,2.0,-1.648800015449524,-0.1919597989949749,-2414.886836546315,-891.9832386694987
rear,1274.2618,carla_physx,0.699999988079071,4.502099990844727,1.4839999675750732,2.0,-1.648800015449524,-0.18994974874371862,-2406.395932867334,-891.9832386694987
rear,1274.2618,carla_physx,0.699999988079071,4.502099990844727,1.4839999675750732,2.0,-1.648800015449524,-0.1879396984924623,-2397.5597007165843,-891.9832386694987
rear,1274.2618,carla_physx,0.699999988079071,4.502099990844727,1.4839999675750732,2.0,-1.648800015449524,-0.18592964824120603,-2388.371319574194,-891.9832386694987
rear,1274.2618,carla_physx,0.699999988079071,4.502099990844727,1.4839999675750732,2.0,-1.648800015449524,-0.18391959798994975,-2378.8240560227027,-891.9832386694987
rear,1274.2618,carla_physx,0.699999988079071,4.502099990844727,1.4839999675750732,2.0,-1.648800015449524,-0.18190954773869347,-2368.9112789459164,-891.9832386694987
rear,1274.2618,carla_physx,0.699999988079071,4.502099990844727,1.4839999675750732,2.0,-1.648800015449524,-0.1798994974874372,-2358.6264752201505,-891.9832386694987
rear,1274.2618,carla_physx,0.699999988079071,4.502099990844727,1.4839999675750732,2.0,-1.648800015449524,-0.17788944723618091,-2347.9632658633977,-891.9832386694987
rear,1274.2618,carla_physx,0.699999988079071,4.502099990844727,1.4839999675750732,2.0,-1.648800015449524,-0.17587939698492464,-2336.915422602883,-891.9832386694987
rear,1274.2618,carla_physx,0.699999988079071,4.502099990844727,1.4839999675750732,2.0,-1.648800015449524,-0.17386934673366836,-2325.4768848162144,-891.9832386694987
rear,1274.2618,carla_physx,0.699999988079071,4.502099990844727,1.4839999675750732,2.0,-1.648800015449524,-0.17185929648241208,-2313.6417767960256,-891.9832386694987
rear,1274.2618,carla_physx,0.699999988079071,4.502099990844727,1.4839999675750732,2.0,-1.648800015449524,-0.1698492462311558,-2301.404425282664,-891.9832386694987
rear,1274.2618,carla_physx,0.699999988079071,4.502099990844727,1.4839999675750732,2.0,-1.648800015449524,-0.1678391959798995,-2288.759377204034,-891.9832386694987
rear,1274.2618,carla_physx,0.699999988079071,4.502099990844727,1.4839999675750732,2.0,-1.648800015449524,-0.1658291457286432,-2275.701417556439,-891.9832386694987
rear,1274.2618,carla_physx,0.699999988079071,4.502099990844727,1.4839999675750732,2.0,-1.648800015449524,-0.16381909547738693,-2262.225587354976,-891.9832386694987
rear,1274.2618,carla_physx,0.699999988079071,4.502099990844727,1.4839999675750732,2.0,-1.648800015449524,-0.16180904522613065,-2248.327201576982,-891.9832386694987
rear,1274.2618,carla_physx,0.699999988079071,4.502099990844727,1.4839999675750732,2.0,-1.648800015449524,-0.15979899497487438,-2234.0018670171685,-891.9832386694987
rear,1274.2618,carla_physx,0.699999988079071,4.502099990844727,1.4839999675750732,2.0,-1.648800015449524,-0.1577889447236181,-2219.245499968489,-891.9832386694987
rear,1274.2618,carla_physx,0.699999988079071,4.502099990844727,1.4839999675750732,2.0,-1.648800015449524,-0.15577889447236182,-2204.0543436385806,-891.9832386694987
rear,1274.2618,carla_physx,0.699999988079071,4.502099990844727,1.4839999675750732,2.0,-1.648800015449524,-0.15376884422110554,-2188.4249852078024,-891.9832386694987
rear,1274.2618,carla_physx,0.699999988079071,4.502099990844727,1.4839999675750732,2.0,-1.648800015449524,-0.15175879396984926,-2172.3543724316,-891.9832386694987
rear,1274.2618,carla_physx,0.699999988079071,4.502099990844727,1.4839999675750732,2.0,-1.648800015449524,-0.14974874371859298,-2155.839829687156,-891.9832386694987
rear,1274.2618,carla_physx,0.699999988079071,4.502099990844727,1.4839999675750732,2.0,-1.648800015449524,-0.1477386934673367,-2138.8790733622045,-891.9832386694987
rear,1274.2618,carla_physx,0.699999988079071,4.502099990844727,1.4839999675750732,2.0,-1.648800015449524,-0.14572864321608042,-2121.4702264824323,-891.9832386694987
rear,1274.2618,carla_physx,0.699999988079071,4.502099990844727,1.4839999675750732,2.0,-1.648800015449524,-0.14371859296482414,-2103.611832473266,-891.9832386694987
rear,1274.2618,carla_physx,0.699999988079071,4.502099990844727,1.4839999675750732,2.0,-1.648800015449524,-0.14170854271356784,-2085.3028679519925,-891.9832386694987
rear,1274.2618,carla_physx,0.699999988079071,4.502099990844727,1.4839999675750732,2.0,-1.648800015449524,-0.13969849246231156,-2066.542754447204,-891.9832386694987
rear,1274.2618,carla_physx,0.699999988079071,4.502099990844727,1.4839999675750732,2.0,-1.648800015449524,-0.13768844221105528,-2047.3313689445026,-891.9832386694987
rear,1274.2618,carla_physx,0.699999988079071,4.502099990844727,1.4839999675750732,2.0,-1.648800015449524,-0.135678391959799,-2027.6690531603356,-891.9754125432357
rear,1274.2618,carla_physx,0.699999988079071,4.502099990844727,1.4839999675750732,2.0,-1.648800015449524,-0.13366834170854272,-2007.556621449696,-891.9111808487783
rear,1274.2618,carla_physx,0.699999988079071,4.502099990844727,1.4839999675750732,2.0,-1.648800015449524,-0.13165829145728644,-1986.9953672583374,-891.7936018815565
rear,1274.2618,carla_physx,0.699999988079071,4.502099990844727,1.4839999675750732,2.0,-1.648800015449524,-0.12964824120603013,-1965.9870680360323,-891.6064861331691
rear,1274.2618,carla_physx,0.699999988079071,4.502099990844727,1.4839999675750732,2.0,-1.648800015449524,-0.12763819095477386,-1944.5339885343105,-891.333693653984
rear,1274.2618,carla_physx,0.699999988079071,4.502099990844727,1.4839999675750732,2.0,-1.648800015449524,-0.12562814070351758,-1922.6388824199691,-890.959132613192
rear,1274.2618,carla_physx,0.699999988079071,4.502099990844727,1.4839999675750732,2.0,-1.648800015449524,-0.12361809045226131,-1900.3049921444665,-890.4667578672431
rear,1274.2618,carla_physx,0.699999988079071,4.502099990844727,1.4839999675750732,2.0,-1.648800015449524,-0.12160804020100503,-1877.5360470190028,-889.8405695364714
rear,1274.2618,carla_physx,0.699999988079071,4.502099990844727,1.4839999675750732,2.0,-1.648800015449524,-0.11959798994974874,-1854.3362594556352,-889.0646115897017
rear,1274.2618,carla_physx,0.699999988079071,4.502099990844727,1.4839999675750732,2.0,-1.648800015449524,-0.11758793969849246,-1830.7103193460625,-888.1229704366517
rear,1274.2618,carla_physx,0.699999988079071,4.502099990844727,1.4839999675750732,2.0,-1.648800015449524,-0.11557788944723618,-1806.663386561649,-886.9997735279213
rear,1274.2618,carla_physx,0.699999988079071,4.502099990844727,1.4839999675750732,2.0,-1.648800015449524,-0.1135678391959799,-1782.2010815708095,-885.6791879623938
rear,1274.2618,carla_physx,0.699999988079071,4.502099990844727,1.4839999675750732,2.0,-1.648800015449524,-0.11155778894472362,-1757.3294741828179,-884.1454191018407
rear,1274.2618,carla_physx,0.699999988079071,4.502099990844727,1.4839999675750732,2.0,-1.648800015449524,-0.10954773869346734,-1732.0550704404218,-882.3827091925508
rear,1274.2618,carla_physx,0.699999988079071,4.502099990844727,1.4839999675750732,2.0,-1.648800015449524,-0.10753768844221105,-1706.38479769713,-880.3753359937906
rear,1274.2618,carla_physx,0.699999988079071,4.502099990844727,1.4839999675750732,2.0,-1.648800015449524,-0.10552763819095477,-1680.325987928609,-878.1076114129128
rear,1274.2618,carla_physx,0.699999988079071,4.502099990844727,1.4839999675750732,2.0,-1.648800015449524,-0.1035175879396985,-1653.8863593411052,-875.5638801469203
rear,1274.2618,carla_physx,0.699999988079071,4.502099990844727,1.4839999675750732,2.0,-1.648800015449524,-0.10150753768844221,-1627.0739963530434,-872.7285183303139
rear,1274.2618,carla_physx,0.699999988079071,4.502099990844727,1.4839999675750732,2.0,-1.648800015449524,-0.09949748743718594,-1599.897328038866,-869.585932189026
rear,1274.2618,carla_physx,0.699999988079071,4.502099990844727,1.4839999675750732,2.0,-1.648800015449524,-0.09748743718592964,-1572.365105136499,-866.1205567002736
rear,1274.2618,carla_physx,0.699999988079071,4.502099990844727,1.4839999675750732,2.0,-1.648800015449524,-0.09547738693467336,-1544.4863757315945,-862.3168542581392
rear,1274.2618,carla_physx,0.699999988079071,4.502099990844727,1.4839999675750732,2.0,-1.648800015449524,-0.09346733668341708,-1516.2704597425723,-858.159313344708
rear,1274.2618,carla_physx,0.699999988079071,4.502099990844727,1.4839999675750732,2.0,-1.648800015449524,-0.0914572864321608,-1487.726922340544,-853.6324472065811
rear,1274.2618,carla_physx,0.699999988079071,4.502099990844727,1.4839999675750732,2.0,-1.648800015449524,-0.08944723618090453,-1458.86554644716,-848.7207925365886
rear,1274.2618,carla_physx,0.699999988079071,4.502099990844727,1.4839999675750732,2.0,-1.648800015449524,-0.08743718592964825,-1429.6963044613105,-843.408908160529
rear,1274.2618,carla_physx,0.699999988079071,4.502099990844727,1.4839999675750732,2.0,-1.648800015449524,-0.08542713567839195,-1400.2293293722366,-837.6813737287569
rear,1274.2618,carla_physx,0.699999988079071,4.502099990844727,1.4839999675750732,2.0,-1.648800015449524,-0.08341708542713568,-1370.4748854220106,-831.5227884124531
rear,1274.2618,carla_physx,0.699999988079071,4.502099990844727,1.4839999675750732,2.0,-1.648800015449524,-0.0814070351758794,-1340.4433384843373,-824.9177696043963
rear,1274.2618,carla_physx,0.699999988079071,4.502099990844727,1.4839999675750732,2.0,-1.648800015449524,-0.07939698492462312,-1310.1451263293068,-817.8509516240763
rear,1274.2618,carla_physx,0.699999988079071,4.502099990844727,1.4839999675750732,2.0,-1.648800015449524,-0.07738693467336684,-1279.5907289449679,-810.3069844269669
rear,1274.2618,carla_physx,0.699999988079071,4.502099990844727,1.4839999675750732,2.0,-1.648800015449524,-0.07537688442211055,-1248.7906390864484,-802.2705323177997
rear,1274.2618,carla_physx,0.699999988079071,4.502099990844727,1.4839999675750732,2.0,-1.648800015449524,-0.07336683417085427,-1217.7553332218072,-793.7262726676661
rear,1274.2618,carla_physx,0.699999988079071,4.502099990844727,1.4839999675750732,2.0,-1.648800015449524,-0.07135678391959799,-1186.495243040919,-784.658894634781
rear,1274.2618,carla_physx,0.699999988079071,4.502099990844727,1.4839999675750732,2.0,-1.648800015449524,-0.06934673366834171,-1155.0207276894896,-775.0530978887413
rear,1274.2618,carla_physx,0.699999988079071,4.502099990844727,1.4839999675750732,2.0,-1.648800015449524,-0.06733668341708543,-1123.3420468848503,-764.893591338117
rear,1274.2618,carla_physx,0.699999988079071,4.502099990844727,1.4839999675750732,2.0,-1.648800015449524,-0.06532663316582915,-1091.4693350635685,-754.1650918612063
rear,1274.2618,carla_physx,0.699999988079071,4.502099990844727,1.4839999675750732,2.0,-1.648800015449524,-0.06331658291457287,-1059.4125767032072,-742.852323039794
rear,1274.2618,carla_physx,0.699999988079071,4.502099990844727,1.4839999675750732,2.0,-1.648800015449524,-0.06130653266331659,-1027.181582951876,-730.9400138957477
rear,1274.2618,carla_physx,0.699999988079071,4.502099990844727,1.4839999675750732,2.0,-1.648800015449524,-0.059296482412060286,-994.7859696896471,-718.4128976302909
rear,1274.2618,carla_physx,0.699999988079071,4.502099990844727,1.4839999675750732,2.0,-1.648800015449524,-0.05728643216080401,-962.2351371355816,-705.2557103657922
rear,1274.2618,carla_physx,0.699999988079071,4.502099990844727,1.4839999675750732,2.0,-1.648800015449524,-0.05527638190954773,-929.5382511030914,-691.4531898899069
rear,1274.2618,carla_physx,0.699999988079071,4.502099990844727,1.4839999675750732,2.0,-1.648800015449524,-0.05326633165829145,-896.7042259948673,-676.9900744019119
rear,1274.2618,carla_physx,0.699999988079071,4.502099990844727,1.4839999675750732,2.0,-1.648800015449524,-0.05125628140703517,-863.7417096166308,-661.8511012610745
rear,1274.2618,carla_physx,0.699999988079071,4.502099990844727,1.4839999675750732,2.0,-1.648800015449524,-0.04924623115577889,-830.6590698767346,-646.0210057368961
rear,1274.2618,carla_physx,0.699999988079071,4.502099990844727,1.4839999675750732,2.0,-1.648800015449524,-0.04723618090452261,-797.4643834262029,-629.4845197610688
rear,1274.2618,carla_physx,0.699999988079071,4.502099990844727,1.4839999675750732,2.0,-1.648800015449524,-0.04522613065326633,-764.1654262812941,-612.2263706809913
rear,1274.2618,carla_physx,0.699999988079071,4.502099990844727,1.4839999675750732,2.0,-1.648800015449524,-0.043216080402010054,-730.7696664581981,-594.2312800146825
rear,1274.2618,carla_physx,0.699999988079071,4.502099990844727,1.4839999675750732,2.0,-1.648800015449524,-0.041206030150753775,-697.2842586371054,-575.4839622069363
rear,1274.2618,carla_physx,0.699999988079071,4.502099990844727,1.4839999675750732,2.0,-1.648800015449524,-0.03919597989949747,-663.7160408607722,-555.9691233865618
rear,1274.2618,carla_physx,0.699999988079071,4.502099990844727,1.4839999675750732,2.0,-1.648800015449524,-0.03718592964824119,-630.0715332608344,-535.6714601245513
rear,1274.2618,carla_physx,0.699999988079071,4.502099990844727,1.4839999675750732,2.0,-1.648800015449524,-0.03517587939698491,-596.3569387936507,-514.5756581930168
rear,1274.2618,carla_physx,0.699999988079071,4.502099990844727,1.4839999675750732,2.0,-1.648800015449524,-0.03316582914572863,-562.5781459564015,-492.6663913247457
rear,1274.2618,carla_physx,0.699999988079071,4.502099990844727,1.4839999675750732,2.0,-1.648800015449524,-0.031155778894472352,-528.7407334435794,-469.9283199732134
rear,1274.2618,carla_physx,0.699999988079071,4.502099990844727,1.4839999675750732,2.0,-1.648800015449524,-0.029145728643216073,-494.84997669396205,-446.3460900729003
rear,1274.2618,carla_physx,0.699999988079071,4.502099990844727,1.4839999675750732,2.0,-1.648800015449524,-0.027135678391959794,-460.91085626864515,-421.9043317997573
rear,1274.2618,carla_physx,0.699999988079071,4.502099990844727,1.4839999675750732,2.0,-1.648800015449524,-0.025125628140703515,-426.92806799179414,-396.58765833166467
rear,1274.2618,carla_physx,0.699999988079071,4.502099990844727,1.4839999675750732,2.0,-1.648800015449524,-0.023115577889447236,-392.90603477744617,-370.3806646087298
rear,1274.2618,carla_physx,0.699999988079071,4.502099990844727,1.4839999675750732,2.0,-1.648800015449524,-0.021105527638190957,-358.8489200579704,-343.267926093267
rear,1274.2618,carla_physx,0.699999988079071,4.502099990844727,1.4839999675750732,2.0,-1.648800015449524,-0.01909547738693468,-324.76064272268593,-315.23399752930777
rear,1274.2618,carla_physx,0.699999988079071,4.502099990844727,1.4839999675750732,2.0,-1.648800015449524,-0.01708542713567837,-290.6448934686336,-286.26341170148396
rear,1274.2618,carla_physx,0.699999988079071,4.502099990844727,1.4839999675750732,2.0,-1.648800015449524,-0.015075376884422093,-256.50515245959724,-256.3406781931315
rear,1274.2618,carla_physx,0.699999988079071,4.502099990844727,1.4839999675750732,2.0,-1.648800015449524,-0.013065326633165814,-222.3447081841433,-225.45028214345712
rear,1274.2618,carla_physx,0.699999988079071,4.502099990844727,1.4839999675750732,2.0,-1.648800015449524,-0.011055276381909535,-188.16667739873287,-193.57668300361692
rear,1274.2618,carla_physx,0.699999988079071,4.502099990844727,1.4839999675750732,2.0,-1.648800015449524,-0.009045226130653256,-153.9740260377608,-160.70431329155002
rear,1274.2618,carla_physx,0.699999988079071,4.502099990844727,1.4839999675750732,2.0,-1.648800015449524,-0.0070351758793969765,-119.76959096875238,-126.81757734541273
rear,1274.2618,carla_physx,0.699999988079071,4.502099990844727,1.4839999675750732,2.0,-1.648800015449524,-0.0050251256281406975,-85.55610246783951,-91.90085007545875
rear,1274.2618,carla_physx,0.699999988079071,4.502099990844727,1.4839999675750732,2.0,-1.648800015449524,-0.0030150753768844185,-51.33620728803751,-55.93847571421054
rear,1274.2618,carla_physx,0.699999988079071,4.502099990844727,1.4839999675750732,2.0,-1.648800015449524,-0.0010050251256281395,-17.11249219074374,-18.914766564766257
rear,1274.2618,carla_physx,0.699999988079071,4.502099990844727,1.4839999675750732,2.0,-1.648800015449524,0.0010050251256281395,17.11249219074374,18.914766564766257
rear,1274.2618,carla_physx,0.699999988079071,4.502099990844727,1.4839999675750732,2.0,-1.648800015449524,0.0030150753768844185,51.33620728803751,55.93847571421054
rear,1274.2618,carla_physx,0.699999988079071,4.502099990844727,1.4839999675750732,2.0,-1.648800015449524,0.005025125628140725,85.55610246783999,91.90085007545923
rear,1274.2618,carla_physx,0.699999988079071,4.502099990844727,1.4839999675750732,2.0,-1.648800015449524,0.007035175879397004,119.76959096875285,126.81757734541323
rear,1274.2618,carla_physx,0.699999988079071,4.502099990844727,1.4839999675750732,2.0,-1.648800015449524,0.009045226130653283,153.97402603776126,160.70431329155045
rear,1274.2618,carla_physx,0.699999988079071,4.502099990844727,1.4839999675750732,2.0,-1.648800015449524,0.011055276381909562,188.16667739873333,193.57668300361735
rear,1274.2618,carla_physx,0.699999988079071,4.502099990844727,1.4839999675750732,2.0,-1.648800015449524,0.013065326633165841,222.34470818414374,225.45028214345757
rear,1274.2618,carla_physx,0.699999988079071,4.502099990844727,1.4839999675750732,2.0,-1.648800015449524,0.01507537688442212,256.5051524595977,256.34067819313196
rear,1274.2618,carla_physx,0.699999988079071,4.502099990844727,1.4839999675750732,2.0,-1.648800015449524,0.0170854271356784,290.6448934686341,286.2634117014843
rear,1274.2618,carla_physx,0.699999988079071,4.502099990844727,1.4839999675750732,2.0,-1.648800015449524,0.01909547738693468,324.76064272268593,315.23399752930777
rear,1274.2618,carla_physx,0.699999988079071,4.502099990844727,1.4839999675750732,2.0,-1.648800015449524,0.021105527638190957,358.8489200579704,343.267926093267
rear,1274.2618,carla_physx,0.699999988079071,4.502099990844727,1.4839999675750732,2.0,-1.648800015449524,0.023115577889447236,392.90603477744617,370.3806646087298
rear,1274.2618,carla_physx,0.699999988079071,4.502099990844727,1.4839999675750732,2.0,-1.648800015449524,0.025125628140703515,426.92806799179414,396.58765833166467
rear,1274.2618,carla_physx,0.699999988079071,4.502099990844727,1.4839999675750732,2.0,-1.648800015449524,0.027135678391959822,460.9108562686456,421.90433179975753
rear,1274.2618,carla_physx,0.699999988079071,4.502099990844727,1.4839999675750732,2.0,-1.648800015449524,0.0291457286432161,494.8499766939625,446.3460900729006
rear,1274.2618,carla_physx,0.699999988079071,4.502099990844727,1.4839999675750732,2.0,-1.648800015449524,0.03115577889447238,528.7407334435799,469.9283199732137
rear,1274.2618,carla_physx,0.699999988079071,4.502099990844727,1.4839999675750732,2.0,-1.648800015449524,0.03316582914572866,562.578145956402,492.666391324746
rear,1274.2618,carla_physx,0.699999988079071,4.502099990844727,1.4839999675750732,2.0,-1.648800015449524,0.03517587939698494,596.3569387936511,514.575658193017
rear,1274.2618,carla_physx,0.699999988079071,4.502099990844727,1.4839999675750732,2.0,-1.648800015449524,0.03718592964824122,630.0715332608348,535.6714601245515
rear,1274.2618,carla_physx,0.699999988079071,4.502099990844727,1.4839999675750732,2.0,-1.648800015449524,0.039195979899497496,663.7160408607725,555.9691233865623
rear,1274.2618,carla_physx,0.699999988079071,4.502099990844727,1.4839999675750732,2.0,-1.648800015449524,0.041206030150753775,697.2842586371054,575.4839622069363
rear,1274.2618,carla_physx,0.699999988079071,4.502099990844727,1.4839999675750732,2.0,-1.648800015449524,0.043216080402010054,730.7696664581981,594.2312800146825
rear,1274.2618,carla_physx,0.699999988079071,4.502099990844727,1.4839999675750732,2.0,-1.648800015449524,0.04522613065326633,764.1654262812941,612.2263706809913
rear,1274.2618,carla_physx,0.699999988079071,4.502099990844727,1.4839999675750732,2.0,-1.648800015449524,0.04723618090452264,797.4643834262032,629.484519761069
rear,1274.2618,carla_physx,0.699999988079071,4.502099990844727,1.4839999675750732,2.0,-1.648800015449524,0.04924623115577892,830.6590698767354,646.0210057368963
rear,1274.2618,carla_physx,0.699999988079071,4.502099990844727,1.4839999675750732,2.0,-1.648800015449524,0.0512562814070352,863.7417096166313,661.8511012610749
rear,1274.2618,carla_physx,0.699999988079071,4.502099990844727,1.4839999675750732,2.0,-1.648800015449524,0.05326633165829148,896.7042259948677,676.9900744019122
rear,1274.2618,carla_physx,0.699999988079071,4.502099990844727,1.4839999675750732,2.0,-1.648800015449524,0.055276381909547756,929.5382511030917,691.4531898899073
rear,1274.2618,carla_physx,0.699999988079071,4.502099990844727,1.4839999675750732,2.0,-1.648800015449524,0.057286432160804035,962.235137135582,705.2557103657924
rear,1274.2618,carla_physx,0.699999988079071,4.502099990844727,1.4839999675750732,2.0,-1.648800015449524,0.059296482412060314,994.7859696896475,718.4128976302909
rear,1274.2618,carla_physx,0.699999988079071,4.502099990844727,1.4839999675750732,2.0,-1.648800015449524,0.06130653266331659,1027.181582951876,730.9400138957477
rear,1274.2618,carla_physx,0.699999988079071,4.502099990844727,1.4839999675750732,2.0,-1.648800015449524,0.06331658291457287,1059.4125767032072,742.852323039794
rear,1274.2618,carla_physx,0.699999988079071,4.502099990844727,1.4839999675750732,2.0,-1.648800015449524,0.06532663316582915,1091.4693350635685,754.1650918612063
rear,1274.2618,carla_physx,0.699999988079071,4.502099990844727,1.4839999675750732,2.0,-1.648800015449524,0.06733668341708543,1123.3420468848503,764.893591338117
rear,1274.2618,carla_physx,0.699999988079071,4.502099990844727,1.4839999675750732,2.0,-1.648800015449524,0.06934673366834171,1155.0207276894896,775.0530978887413
rear,1274.2618,carla_physx,0.699999988079071,4.502099990844727,1.4839999675750732,2.0,-1.648800015449524,0.07135678391959799,1186.495243040919,784.658894634781
rear,1274.2618,carla_physx,0.699999988079071,4.502099990844727,1.4839999675750732,2.0,-1.648800015449524,0.07336683417085427,1217.7553332218072,793.7262726676661
rear,1274.2618,carla_physx,0.699999988079071,4.502099990844727,1.4839999675750732,2.0,-1.648800015449524,0.07537688442211055,1248.7906390864484,802.2705323177997
rear,1274.2618,carla_physx,0.699999988079071,4.502099990844727,1.4839999675750732,2.0,-1.648800015449524,0.07738693467336683,1279.5907289449679,810.3069844269668
rear,1274.2618,carla_physx,0.699999988079071,4.502099990844727,1.4839999675750732,2.0,-1.648800015449524,0.07939698492462316,1310.1451263293077,817.8509516240765
rear,1274.2618,carla_physx,0.699999988079071,4.502099990844727,1.4839999675750732,2.0,-1.648800015449524,0.08140703517587944,1340.443338484338,824.9177696043965
rear,1274.2618,carla_physx,0.699999988079071,4.502099990844727,1.4839999675750732,2.0,-1.648800015449524,0.08341708542713572,1370.4748854220113,831.5227884124531
rear,1274.2618,carla_physx,0.699999988079071,4.502099990844727,1.4839999675750732,2.0,-1.648800015449524,0.085427135678392,1400.2293293722369,837.681373728757
rear,1274.2618,carla_physx,0.699999988079071,4.502099990844727,1.4839999675750732,2.0,-1.648800015449524,0.08743718592964828,1429.6963044613105,843.4089081605292
rear,1274.2618,carla_physx,0.699999988079071,4.502099990844727,1.4839999675750732,2.0,-1.648800015449524,0.08944723618090455,1458.8655464471606,848.7207925365888
rear,1274.2618,carla_physx,0.699999988079071,4.502099990844727,1.4839999675750732,2.0,-1.648800015449524,0.09145728643216083,1487.7269223405444,853.632447206581
rear,1274.2618,carla_physx,0.699999988079071,4.502099990844727,1.4839999675750732,2.0,-1.648800015449524,0.09346733668341711,1516.270459742573,858.1593133447078
rear,1274.2618,carla_physx,0.699999988079071,4.502099990844727,1.4839999675750732,2.0,-1.648800015449524,0.09547738693467339,1544.486375731595,862.3168542581393
rear,1274.2618,carla_physx,0.699999988079071,4.502099990844727,1.4839999675750732,2.0,-1.648800015449524,0.09748743718592967,1572.3651051364993,866.1205567002739
rear,1274.2618,carla_physx,0.699999988079071,4.502099990844727,1.4839999675750732,2.0,-1.648800015449524,0.09949748743718595,1599.897328038866,869.585932189026
rear,1274.2618,carla_physx,0.699999988079071,4.502099990844727,1.4839999675750732,2.0,-1.648800015449524,0.10150753768844223,1627.0739963530434,872.7285183303139
rear,1274.2618,carla_physx,0.699999988079071,4.502099990844727,1.4839999675750732,2.0,-1.648800015449524,0.10351758793969851,1653.8863593411052,875.5638801469203
rear,1274.2618,carla_physx,0.699999988079071,4.502099990844727,1.4839999675750732,2.0,-1.648800015449524,0.10552763819095479,1680.3259879286093,878.1076114129128
rear,1274.2618,carla_physx,0.699999988079071,4.502099990844727,1.4839999675750732,2.0,-1.648800015449524,0.10753768844221107,1706.38479769713,880.3753359937908
rear,1274.2618,carla_physx,0.699999988079071,4.502099990844727,1.4839999675750732,2.0,-1.648800015449524,0.10954773869346734,1732.0550704404218,882.3827091925508
rear,1274.2618,carla_physx,0.699999988079071,4.502099990844727,1.4839999675750732,2.0,-1.648800015449524,0.11155778894472362,1757.3294741828179,884.1454191018407
rear,1274.2618,carla_physx,0.699999988079071,4.502099990844727,1.4839999675750732,2.0,-1.648800015449524,0.1135678391959799,1782.2010815708095,885.6791879623938
rear,1274.2618,carla_physx,0.699999988079071,4.502099990844727,1.4839999675750732,2.0,-1.648800015449524,0.11557788944723618,1806.663386561649,886.9997735279213
rear,1274.2618,carla_physx,0.699999988079071,4.502099990844727,1.4839999675750732,2.0,-1.648800015449524,0.11758793969849246,1830.7103193460625,888.1229704366517
rear,1274.2618,carla_physx,0.699999988079071,4.502099990844727,1.4839999675750732,2.0,-1.648800015449524,0.11959798994974874,1854.3362594556352,889.0646115897017
rear,1274.2618,carla_physx,0.699999988079071,4.502099990844727,1.4839999675750732,2.0,-1.648800015449524,0.12160804020100507,1877.5360470190028,889.8405695364714
rear,1274.2618,carla_physx,0.699999988079071,4.502099990844727,1.4839999675750732,2.0,-1.648800015449524,0.12361809045226135,1900.3049921444672,890.4667578672434
rear,1274.2618,carla_physx,0.699999988079071,4.502099990844727,1.4839999675750732,2.0,-1.648800015449524,0.12562814070351763,1922.6388824199703,890.959132613192
rear,1274.2618,carla_physx,0.699999988079071,4.502099990844727,1.4839999675750732,2.0,-1.648800015449524,0.1276381909547739,1944.5339885343108,891.3336936539843
rear,1274.2618,carla_physx,0.699999988079071,4.502099990844727,1.4839999675750732,2.0,-1.648800015449524,0.1296482412060302,1965.9870680360327,891.6064861331693
rear,1274.2618,carla_physx,0.699999988079071,4.502099990844727,1.4839999675750732,2.0,-1.648800015449524,0.13165829145728647,1986.995367258338,891.7936018815565
rear,1274.2618,carla_physx,0.699999988079071,4.502099990844727,1.4839999675750732,2.0,-1.648800015449524,0.13366834170854275,2007.5566214496964,891.9111808487784
rear,1274.2618,carla_physx,0.699999988079071,4.502099990844727,1.4839999675750732,2.0,-1.648800015449524,0.13567839195979903,2027.6690531603358,891.9754125432362
rear,1274.2618,carla_physx,0.699999988079071,4.502099990844727,1.4839999675750732,2.0,-1.648800015449524,0.1376884422110553,2047.3313689445033,891.9832386694987
rear,1274.2618,carla_physx,0.699999988079071,4.502099990844727,1.4839999675750732,2.0,-1.648800015449524,0.13969849246231159,2066.5427544472045,891.9832386694987
rear,1274.2618,carla_physx,0.699999988079071,4.502099990844727,1.4839999675750732,2.0,-1.648800015449524,0.14170854271356786,2085.302867951993,891.9832386694987
rear,1274.2618,carla_physx,0.699999988079071,4.502099990844727,1.4839999675750732,2.0,-1.648800015449524,0.14371859296482414,2103.611832473266,891.9832386694987
rear,1274.2618,carla_physx,0.699999988079071,4.502099990844727,1.4839999675750732,2.0,-1.648800015449524,0.14572864321608042,2121.4702264824323,891.9832386694987
rear,1274.2618,carla_physx,0.699999988079071,4.502099990844727,1.4839999675750732,2.0,-1.648800015449524,0.1477386934673367,2138.8790733622045,891.9832386694987
rear,1274.2618,carla_physx,0.699999988079071,4.502099990844727,1.4839999675750732,2.0,-1.648800015449524,0.14974874371859298,2155.839829687156,891.9832386694987
rear,1274.2618,carla_physx,0.699999988079071,4.502099990844727,1.4839999675750732,2.0,-1.648800015449524,0.15175879396984926,2172.3543724316,891.9832386694987
rear,1274.2618,carla_physx,0.699999988079071,4.502099990844727,1.4839999675750732,2.0,-1.648800015449524,0.15376884422110554,2188.4249852078024,891.9832386694987
rear,1274.2618,carla_physx,0.699999988079071,4.502099990844727,1.4839999675750732,2.0,-1.648800015449524,0.15577889447236182,2204.0543436385806,891.9832386694987
rear,1274.2618,carla_physx,0.699999988079071,4.502099990844727,1.4839999675750732,2.0,-1.648800015449524,0.1577889447236181,2219.245499968489,891.9832386694987
rear,1274.2618,carla_physx,0.699999988079071,4.502099990844727,1.4839999675750732,2.0,-1.648800015449524,0.15979899497487438,2234.0018670171685,891.9832386694987
rear,1274.2618,carla_physx,0.699999988079071,4.502099990844727,1.4839999675750732,2.0,-1.648800015449524,0.16180904522613065,2248.327201576982,891.9832386694987
rear,1274.2618,carla_physx,0.699999988079071,4.502099990844727,1.4839999675750732,2.0,-1.648800015449524,0.16381909547738693,2262.225587354976,891.9832386694987
rear,1274.2618,carla_physx,0.699999988079071,4.502099990844727,1.4839999675750732,2.0,-1.648800015449524,0.16582914572864327,2275.7014175564395,891.9832386694987
rear,1274.2618,carla_physx,0.699999988079071,4.502099990844727,1.4839999675750732,2.0,-1.648800015449524,0.16783919597989955,2288.7593772040345,891.9832386694987
rear,1274.2618,carla_physx,0.699999988079071,4.502099990844727,1.4839999675750732,2.0,-1.648800015449524,0.16984924623115583,2301.404425282664,891.9832386694987
rear,1274.2618,carla_physx,0.699999988079071,4.502099990844727,1.4839999675750732,2.0,-1.648800015449524,0.1718592964824121,2313.641776796026,891.9832386694987
rear,1274.2618,carla_physx,0.699999988079071,4.502099990844727,1.4839999675750732,2.0,-1.648800015449524,0.17386934673366838,2325.4768848162144,891.9832386694987
rear,1274.2618,carla_physx,0.699999988079071,4.502099990844727,1.4839999675750732,2.0,-1.648800015449524,0.17587939698492466,2336.9154226028836,891.9832386694987
rear,1274.2618,carla_physx,0.699999988079071,4.502099990844727,1.4839999675750732,2.0,-1.648800015449524,0.17788944723618094,2347.9632658633977,891.9832386694987
rear,1274.2618,carla_physx,0.699999988079071,4.502099990844727,1.4839999675750732,2.0,-1.648800015449524,0.17989949748743722,2358.6264752201505,891.9832386694987
rear,1274.2618,carla_physx,0.699999988079071,4.502099990844727,1.4839999675750732,2.0,-1.648800015449524,0.1819095477386935,2368.911278945917,891.9832386694987
rear,1274.2618,carla_physx,0.699999988079071,4.502099990844727,1.4839999675750732,2.0,-1.648800015449524,0.18391959798994978,2378.8240560227027,891.9832386694987
rear,1274.2618,carla_physx,0.699999988079071,4.502099990844727,1.4839999675750732,2.0,-1.648800015449524,0.18592964824120606,2388.371319574194,891.9832386694987
rear,1274.2618,carla_physx,0.699999988079071,4.502099990844727,1.4839999675750732,2.0,-1.648800015449524,0.18793969849246234,2397.5597007165843,891.9832386694987
rear,1274.2618,carla_physx,0.699999988079071,4.502099990844727,1.4839999675750732,2.0,-1.648800015449524,0.18994974874371862,2406.395932867334,891.9832386694987
rear,1274.2618,carla_physx,0.699999988079071,4.502099990844727,1.4839999675750732,2.0,-1.648800015449524,0.1919597989949749,2414.886836546315,891.9832386694987
rear,1274.2618,carla_physx,0.699999988079071,4.502099990844727,1.4839999675750732,2.0,-1.648800015449524,0.19396984924623117,2423.0393046988625,891.9832386694987
rear,1274.2618,carla_physx,0.699999988079071,4.502099990844727,1.4839999675750732,2.0,-1.648800015449524,0.19597989949748745,2430.860288565508,891.9832386694987
rear,1274.2618,carla_physx,0.699999988079071,4.502099990844727,1.4839999675750732,2.0,-1.648800015449524,0.19798994974874373,2438.3567841186305,891.9832386694987
rear,1274.2618,carla_physx,0.699999988079071,4.502099990844727,1.4839999675750732,2.0,-1.648800015449524,0.2,2445.535819081969,891.9832386694987
